record_type	path	git_state	sha256	bytes	class
file	.dockerignore	tracked	4ff6845e8fefd8bc553a64e3eb7b638bd03eb334a1fa517e1fc4b7bf6a5e7cdc	209	d-infra-ci-docker-compose
file	.npmrc	tracked	b56b318fb9a4584fe7f85c85fd3d34d8f1b5d692a38ce8a36f35c3c2abbdfa82	89	d-infra-ci-docker-compose
file	Dockerfile	untracked	b666e1900c1149daebfa645c588e387d225c226774cb2cde7a8461ecad5a8d3a	2661	d-infra-ci-docker-compose
file	apps/admin-web/.gitignore	untracked	61022f949eb49fe0ee5b774835be844845b3d71d9001f676d9ac82bd433e49a7	34	UNCLASSIFIED
file	apps/admin-web/README.md	untracked	64911063781518d0c81f6e60c8a220cfb2a1ad767c58cef67b797db5c809edf8	4660	UNCLASSIFIED
file	apps/admin-web/components.json	untracked	79c611e9ab58e3495a365fb0de1e8922a43159e1887707d5cb5871be9b02def9	520	UNCLASSIFIED
file	apps/admin-web/index.html	untracked	35efcdeaee555aa744d6ccfab02a36137734000f70f50d8d8019a0ed20b699e9	353	UNCLASSIFIED
file	apps/admin-web/package.json	untracked	31b3daee5d7bd69c6b4af2f272f7a6a8371ee3da8c0c3f196afa16b75364b488	1052	d-infra-ci-docker-compose
file	apps/admin-web/postcss.config.mjs	untracked	d639c79bd2393b4923af7ac57398b3446d4dcd67d5e3306c67d27d6a037f87a6	419	UNCLASSIFIED
file	apps/admin-web/src/app-shell/app-shell.tsx	untracked	8217c4bafd0352e6c0e686ed6ae8af1b461cbed718852adc0e8b81308475dd4c	4938	UNCLASSIFIED
file	apps/admin-web/src/components/ui/README.md	untracked	0c8b9846ecb1d726bdb81d8763e8e9591c6ba7a145bf0ad4ee217f83052d17e2	7366	UNCLASSIFIED
file	apps/admin-web/src/components/ui/app-shell-primitives.tsx	untracked	a22f401304e766d5d0cb4a0070e1c36f8da74a3b3f8103f2dffb04fd76cfeedf	3887	UNCLASSIFIED
file	apps/admin-web/src/components/ui/badge.tsx	untracked	bbacdf20e3f6a60268b2a5253710faf78d274d33c09cdffbae4346fef362b919	2275	UNCLASSIFIED
file	apps/admin-web/src/components/ui/button.tsx	untracked	88ce658ea59e8d090e88602235a07ada64a0d122ea46344007e7b8748c7cb329	3223	UNCLASSIFIED
file	apps/admin-web/src/components/ui/card.tsx	untracked	be3d7d79bf0c91db1a681a2e3424260dc904ec9d92ca58568bb326eec97d82cc	2137	UNCLASSIFIED
file	apps/admin-web/src/components/ui/demo.tsx	untracked	5c47722c1c158fc23bc93b843493df2f478e326e8dea89fee1eb5ae631c2d4f5	18759	UNCLASSIFIED
file	apps/admin-web/src/components/ui/dialog.tsx	untracked	1a044951fcd169d5b16e7c9009028740dc5b5b4709bdb43a857de6b3b2dcd4de	5879	UNCLASSIFIED
file	apps/admin-web/src/components/ui/field.tsx	untracked	176126d4d73604484f2b6bcf3587b2deea32764e1d8bbcbdd3b1dd811879146a	4488	UNCLASSIFIED
file	apps/admin-web/src/components/ui/fixtures.ts	untracked	380280f297facc73fde8634dde308b3d53f621707390d9a744787ca35e1bac93	2316	UNCLASSIFIED
file	apps/admin-web/src/components/ui/index.ts	untracked	98a876a5b2bb9d6498e77eee8da9a8303e189d9fd85c9d4b53c73ac92786f87d	297	UNCLASSIFIED
file	apps/admin-web/src/components/ui/input.tsx	untracked	88b5aef7a8bed105f0c4a0b7a5dac6f783228cfa46c8c9a0fbb94c45ea411cec	2138	UNCLASSIFIED
file	apps/admin-web/src/components/ui/select.tsx	untracked	c7ee56554940c5714a717790be55852a4d4a26ec54a5771aede420a88ff2a40f	5803	UNCLASSIFIED
file	apps/admin-web/src/components/ui/state-panel.tsx	untracked	3ccada9d1d85845b8fe8b615359c42e2bc3dae824589d77d02276e0290f2cb41	7912	UNCLASSIFIED
file	apps/admin-web/src/components/ui/table.tsx	untracked	a938ff2729117c42de1879b492b86ab68bc1df09508fb56b95f3c35f94d003d6	3642	UNCLASSIFIED
file	apps/admin-web/src/components/ui/tabs.tsx	untracked	fc1796a42b3d147099fbd59b1fc37fb3b3de620000759b3ee959266628f48134	1856	UNCLASSIFIED
file	apps/admin-web/src/features/api-keys/api-keys-screen.tsx	untracked	efe618fa869db3a2c47a79db9a3e899fbc7c12dca0e17865686af8b295d424bf	13761	UNCLASSIFIED
file	apps/admin-web/src/features/api-keys/state.ts	untracked	6062495a5bc3055c8726cc4bf127bec6e51a9dc74aae61e2f12d0cd92a4f28c6	2270	UNCLASSIFIED
file	apps/admin-web/src/features/businesses/business-inputs.tsx	untracked	96414dd8efcc372d61c57791f59de27a5757da3b6403a5c9340bad942f951713	3953	UNCLASSIFIED
file	apps/admin-web/src/features/businesses/businesses-screen.tsx	untracked	b8419c92dcd5aa9bc9ca13f73f837934960c9f17913221bb8938ee2062d77e7b	10312	UNCLASSIFIED
file	apps/admin-web/src/features/businesses/state.ts	untracked	5b92547ed9edb46ba978927b6f7a63c702436b1e22939ea3008e3c2db5105a17	2267	UNCLASSIFIED
file	apps/admin-web/src/features/connectors/connectors-screen.tsx	untracked	3be7a691620c7f7c6d142cdd297f34026f85976def53157a04469c02a8a8fa99	38815	UNCLASSIFIED
file	apps/admin-web/src/features/connectors/curl-import-preview.tsx	untracked	e6c41b77dfacf510597b6b4eb3880e599e882916f4e757c01b1add8e917d8c01	10284	UNCLASSIFIED
file	apps/admin-web/src/features/connectors/curl-import.ts	untracked	153cb543f381fe89232fb5f783b5e4d5d7a610a7cd763c9f644e56330c5fc158	19227	UNCLASSIFIED
file	apps/admin-web/src/features/connectors/state.ts	untracked	880e6d990eda1e9f5d2eb7e3fb31c28cff9325072680921e3a89bfb84d3ee6b3	14286	UNCLASSIFIED
file	apps/admin-web/src/features/docs/docs-screen.tsx	untracked	08a9a61348f349e80cc6b54e0b45021c135ddb50b192a1ec7a5837f327dc838c	10655	UNCLASSIFIED
file	apps/admin-web/src/features/identity/identity-api.ts	untracked	7f9e7660104fd2444a577f7215bf8fb2a31199904409e36dacd88f6709deed32	7170	UNCLASSIFIED
file	apps/admin-web/src/features/identity/identity-screen.tsx	untracked	505302a70dca68bb4b5fabf28aa564ded79b66e25e4151187aa9141c1a34d185	21270	UNCLASSIFIED
file	apps/admin-web/src/features/index.ts	untracked	8b6385502a90ebd495d66f5e7bdde2fb0552c21702660a242b8c11a0d2323ef6	113	UNCLASSIFIED
file	apps/admin-web/src/features/operations/operations-screen.tsx	untracked	e381ee599d4445f0c42e426ce001405249123015ce28e4b52049bd64a400e2e6	11576	UNCLASSIFIED
file	apps/admin-web/src/features/operations/state.ts	untracked	9f59cce47694af2fb3537c8ab522c8c2c876df7ce7e182224ccf236892c19769	3154	UNCLASSIFIED
file	apps/admin-web/src/features/overview/overview-screen.tsx	untracked	9b93862f79b70fcbce44422802f9fe4589cb0e660b88d9cda5274c34695e09df	11407	UNCLASSIFIED
file	apps/admin-web/src/features/overview/state.ts	untracked	a2be0423d1ec84bc27297823f934984bfafe9a6f1710d1a5bc05bc472b0159f5	3315	UNCLASSIFIED
file	apps/admin-web/src/features/profiles/command-bodies.ts	untracked	a799625b3c3e123835da583e1b7de73a8ed122a88fc3eed286e11bb9c7386796	2307	UNCLASSIFIED
file	apps/admin-web/src/features/profiles/profiles-screen.tsx	untracked	863cfac179d6673cee110f189c3d9605ad5091ef5510c8861a43e1884363d544	36644	UNCLASSIFIED
file	apps/admin-web/src/features/profiles/request-redaction-editor.tsx	untracked	5b477c61e693027b08f13cfc03a2b9b78df496eca51c092efa2c0e90541ad3e8	2967	UNCLASSIFIED
file	apps/admin-web/src/features/profiles/state.ts	untracked	9c8e460a4875e6704c89c6ea948cdf6869590e397737e43039c0d49de0591260	6155	UNCLASSIFIED
file	apps/admin-web/src/features/security/security-screen.tsx	untracked	53b75eaa7c64d2a6f3e70e947e51d9bdbbf0c04104697d4a12d5e1e0bea0783b	8917	UNCLASSIFIED
file	apps/admin-web/src/features/settings/catalog.ts	untracked	ff3b977e003abb022e6eb9b7f21c30e245a97f6d6b78e10077f304c628955cdd	7070	UNCLASSIFIED
file	apps/admin-web/src/features/settings/settings-screen.tsx	untracked	5f28286c401ac426a883e049aa3a5547a0e13f896f0e604883c27244b83b3a0b	6833	UNCLASSIFIED
file	apps/admin-web/src/features/settings/state.ts	untracked	c439340c086d256e2b529ae765107dc080ad6a1474178bdf047a2481989a6f52	1138	UNCLASSIFIED
file	apps/admin-web/src/features/usage/usage-screen.tsx	untracked	3e160ab8411fff0a9d26cfac1953f7c8df0b2ef73fbaca7fc3507a353ef66f0d	4873	UNCLASSIFIED
file	apps/admin-web/src/features/workflows/workflows-screen.tsx	untracked	75f80b23fc0a8a92494bc26d1e6946f63d7a1f899686fcf2ec870eb838a49a6c	1298	UNCLASSIFIED
file	apps/admin-web/src/lib/api/client.ts	untracked	cf191a5b872061344b95df5871001dc1ad833122a689e4ec33e82f4124e45338	14304	UNCLASSIFIED
file	apps/admin-web/src/lib/api/index.ts	untracked	be405083c2b848d78239040f9ea3d1552c97d8b2b868338902f94893aecf4890	1036	UNCLASSIFIED
file	apps/admin-web/src/lib/api/types.ts	untracked	65495e4f5ba467f3d7b9fbff61c0cdfe2833a7b11904edcac0ff06193ccd51a3	9893	UNCLASSIFIED
file	apps/admin-web/src/lib/utils.ts	untracked	14300d758170c270c75b057f38fedb3793a5920ea872f0477e29fb131185e8a7	24	UNCLASSIFIED
file	apps/admin-web/src/main.tsx	untracked	6ed699a3aa0fe403fb6c9cad60a8f54fabf3d9049a674d3325476b21eea4e93c	453	UNCLASSIFIED
file	apps/admin-web/src/router.tsx	untracked	f3419a4c374bb94c031b216eb0abc2f64794f50bb65a66a6504cb12875616029	2128	UNCLASSIFIED
file	apps/admin-web/src/routes/api-keys.tsx	untracked	1db6947790b9a03d9d1ef889e7ee23a5bb5519b156d7c7838001afb35db8ef83	211	UNCLASSIFIED
file	apps/admin-web/src/routes/bootstrap-home.tsx	untracked	bf2ed2443dcfc92ad289264cb5b86ffc478725c2a71c9fb062d0b2cb8d11b92a	5193	UNCLASSIFIED
file	apps/admin-web/src/routes/businesses.tsx	untracked	c5183ad05de4a00b10d223ba416f5c5ec51414dc64038341ece680857cfec346	226	UNCLASSIFIED
file	apps/admin-web/src/routes/connectors.tsx	untracked	6970a27e3635fcf12d10216777baf63c9704284c7ffbc88a68a7f8f0f9ab21b1	226	UNCLASSIFIED
file	apps/admin-web/src/routes/docs.tsx	untracked	839781e0aef0c7eb03135d8b2dd3802388c0facff6c2a09b3b3a5297afa4f5bb	115	UNCLASSIFIED
file	apps/admin-web/src/routes/identity.tsx	untracked	d96e4e19df7d4e46ceaa5a9d428032a6a04dc7ddf87f8a19cd2359e39b165a3a	214	UNCLASSIFIED
file	apps/admin-web/src/routes/not-found.tsx	untracked	fa5aa004f721a8bfb43ab967c3710ce479714c541d6b49e7719b55e0189043f9	734	UNCLASSIFIED
file	apps/admin-web/src/routes/operations.tsx	untracked	6b1ec3e96bf260b0dd55cfaee147d00e83d18c2daa5e115a1c49bec5a565c47b	226	UNCLASSIFIED
file	apps/admin-web/src/routes/overview.tsx	untracked	e56e7d1dfbf8a036eaa9d0ca331575e7ec32b547330475e3242062e97318fb51	224	UNCLASSIFIED
file	apps/admin-web/src/routes/profiles.tsx	untracked	cbf7412d9940161e157ed125252485d894a4d75c781ab24b4ce3790943161fe6	214	UNCLASSIFIED
file	apps/admin-web/src/routes/security.tsx	untracked	3656418253e4714fa69b614c8dbc460a5f88ccec978416000ee6c028d6b424a1	214	UNCLASSIFIED
file	apps/admin-web/src/routes/settings.tsx	untracked	c4bd389ecb8ce035cc2c68a0b9e54551084411e3cd7cd0fff9b63f8a9c8efeb7	214	UNCLASSIFIED
file	apps/admin-web/src/routes/usage.tsx	untracked	6a6189a8f49e841b0cebb7102c2802eff1618605def802d377181ed78ce1f1e5	196	UNCLASSIFIED
file	apps/admin-web/src/routes/workflows.tsx	untracked	ef873b91dc41721807fd6ff47e4a68f52dd5bf1df8114d7fea9cbc31065e0813	140	UNCLASSIFIED
file	apps/admin-web/src/styles/app.css	untracked	5a855d43d36a27e7838efabd0aee219a66689cc544ff357f98eea083e34b99ad	6188	UNCLASSIFIED
file	apps/admin-web/src/styles/tokens.css	untracked	e8654434d2286ed5e4ac13aa56de5b3c0b1f38cd18d97f19d3b6c0e0e6605605	4753	UNCLASSIFIED
file	apps/admin-web/tsconfig.json	untracked	18bfcd77562ea05fca2e7da701c357c5892d77135dddc742f834b67e005d3a14	723	UNCLASSIFIED
file	apps/admin-web/vite.config.ts	untracked	9165ba1babfd13a4d8e26680970b97b745c878cab45a7610576183d67bbc7edc	754	UNCLASSIFIED
file	businesses/document-core/Dockerfile	tracked	9bc4efab03b5487079cd0976d6543649730206213a5b0b5341ccb2ba414782d1	2744	c-business-customization
file	businesses/document-core/README.md	tracked	9b354a3337767350d41debe1ff043c6830cfd0ab4ade8eb5164372fc3909d8cf	7045	c-business-customization
file	businesses/document-core/docker-compose.yml	tracked	030c39685f8367df326a0b3b7c274b84847adf7c3227e609ce81b06b8a8391b9	163	c-business-customization
file	businesses/document-core/docs/analyze.md	tracked	a07954feac20cdc5d5919f6a58be5e8f03640d1053610b56dbf83de9f70358b3	9153	c-business-customization
file	businesses/document-core/docs/compare.md	tracked	87440db097426816a6f2e593392467871f7c0aebe392d5e36e63f7be7097b9c1	7752	c-business-customization
file	businesses/document-core/docs/compatibility-matrix.md	tracked	2b53c5a4b7f1e115a82323077b6225d47b80e898ae94e46a0063b67d1cc1581e	12501	c-business-customization
file	businesses/document-core/docs/extract.md	tracked	d7f8ad94e3d86da26c37e8b79c1c278bee973528755ae05d90a8c82b59c76a51	8948	c-business-customization
file	businesses/document-core/docs/field-dictionary.md	tracked	d7e4e6a65a4fd0cc600fde454098ce500dac311b98965012c9a62e349ffae183	8170	c-business-customization
file	businesses/document-core/docs/generate.md	tracked	22c94981d21dd66d6420fae386e6461d601bb9b432c4b1a668d971add28b6c8f	8949	c-business-customization
file	businesses/document-core/docs/ingest.md	tracked	540faa749d4ef7b91c791d4edf8cffda94713438c98321838c3e059873b26e2d	8474	c-business-customization
file	businesses/document-core/docs/profile-consumer-mapping.md	tracked	df2ee1d089bf6e4820891880dd739d19cc985f5ed014265ceb5fe2c641cd3d2b	12544	c-business-customization
file	businesses/document-core/docs/synthetic-corpus-policy.md	tracked	f63bf70a267c99e19fe846558bccaf8d91a42c4905f913635536b9887accbe7b	9768	c-business-customization
file	businesses/document-core/docs/test-fixture-specification.md	tracked	a8cf22548fa9bc00ad5ae14558bc872b7d91b1193b0a055c9467eecfc0bce38e	18893	c-business-customization
file	businesses/document-core/docs/traceability-matrix.md	tracked	7205028aa68df961ff5f276b9fddb81367143de97e8c2efe15f39254ac68f699	15184	c-business-customization
file	businesses/document-core/docs/transform.md	tracked	fc500736200604c87a1898c0a562850e894e5ee7f5031f6a802c8507bf6c3e80	8838	c-business-customization
file	businesses/document-core/docs/variant-matrix.md	tracked	60a743ad11728666ee6f08e0aabdcf6b7bd141e8f973823dc7a11e6ccc4019e9	10183	c-business-customization
file	businesses/document-core/docs/workload-assumptions.md	tracked	559b7a9a020370798d61997a7ccac0714aefa871dff3ce948488d9bd54a70a3a	8300	c-business-customization
file	businesses/document-core/jest.config.cjs	tracked	609b6e9441682e2df85212270a2775ab3334f84a6155b5a601fb7fa94d0a62f1	990	c-business-customization
file	businesses/document-core/package.json	tracked	c140b036eddbcb4510c0cff86684bdbf300bb4ce3dfcdf97dba19bb442494f9d	1278	d-infra-ci-docker-compose
file	businesses/document-core/scripts/build-dependencies.cjs	tracked	cf66f4fec5f44a181359fa34d05173a879bed9b279ec48bd5fe8a7007ac57045	6875	c-business-customization
file	businesses/document-core/src/actions/analyze/index.ts	tracked	816c1c6ead62632b2f76bdbad5c8a9e020d5bcc20364eb4d03116b846b53e535	12875	c-business-customization
file	businesses/document-core/src/actions/compare/index.ts	tracked	2139c4d7cf11b0d3180c267e53db4d0172475ccc6be649d8c341095ffb567202	7341	c-business-customization
file	businesses/document-core/src/actions/extract/index.ts	tracked	629c9674117c48560e5a7460fd8eda67ea3a79ae82a7656583852b139ddc994b	9870	c-business-customization
file	businesses/document-core/src/actions/generate/index.ts	tracked	63ff0115cd5ebc07008047307bfb5373080e2aa3a7d95a848b68fb9eb85031ff	6191	c-business-customization
file	businesses/document-core/src/actions/ingest/index.ts	tracked	8ed236e0517c6c49b61e195b7c543178a0a66bc47e11c499e329e3091da7f507	15430	c-business-customization
file	businesses/document-core/src/actions/prompt-application.ts	untracked	261f395f820bb170796f71a88691ad78d27c10ca164031d9ad07d28b227dac21	2814	c-business-customization
file	businesses/document-core/src/actions/prompt-precedence.ts	untracked	83a64e7ce9de666ecaec3acd892aef88b3956308f466087bda43c92d420895e6	7710	c-business-customization
file	businesses/document-core/src/actions/session-seam.ts	untracked	f6d8db1d017f3a7cb4e1376a8a879192b44239ce068c9c23b26e180d26e9f6a8	4795	c-business-customization
file	businesses/document-core/src/actions/transform/index.ts	tracked	e3934bcb85727c1f502b604be044fcf44944e03310ef4adb681b0445590fbab0	10284	c-business-customization
file	businesses/document-core/src/config.ts	tracked	41c59a34a97953c50831d7480292c091f30a60a8f4868f83b3c0ee42c92c8153	4116	b-worker-template
file	businesses/document-core/src/index.ts	tracked	9c4f4440eda86c99a2c224af7183944aa5fe814d60df1d068072dbed45da99c1	1031	b-worker-template
file	businesses/document-core/src/main.ts	tracked	3c60ebafb73ce22887e2383238eb6db59ea6e6bfc47bd502c3e408077ad8cfcd	4458	b-worker-template
file	businesses/document-core/src/manifest/document-core.manifest.ts	tracked	fb863d7883d6cf01ea8736fea77f6717489f6eb700d0a3f44d25912261c52672	18831	c-business-customization
file	businesses/document-core/src/manifest/traceability.ts	tracked	97ae6cf878760619360d68ac9cd958a617e4dbab6d55531b394ba605fe39523e	13547	c-business-customization
file	businesses/document-core/src/pipelines/legacy-workflow-mapping.ts	tracked	c5827bcfde2b858ad20b0cbbd8bcc3dfa6ee9bc2c69ac75a94e2f6dbcf278072	7587	c-business-customization
file	businesses/document-core/src/pipelines/parser-budget.ts	tracked	8efcf8d04bd629aec83446b88311dcedc05c216f099b8b49b648cb469c4708a0	24966	c-business-customization
file	businesses/document-core/src/pipelines/step-checkpoint.ts	tracked	a7c52ff179e32a5efed4edc70c3960952fc4b0fcb3e0232bb760ec961e883f66	6980	c-business-customization
file	businesses/document-core/src/pipelines/workflows/disbursement/disbursement.ts	tracked	03efcd70fb5479acafcc85aee1763c953d4466aa2682411f48b6bee2fef46fb1	26612	c-business-customization
file	businesses/document-core/src/pipelines/workflows/disbursement/fanout.ts	tracked	8b4e72783063058eef8d557bd045285f97be40260956ae36a90622a4cc780547	1569	c-business-customization
file	businesses/document-core/src/pipelines/workflows/disbursement/index.ts	tracked	f23490bdc034ea104fef27d6e7144bbab91aa66b4c45e28057595dfbc329a84d	399	c-business-customization
file	businesses/document-core/src/pipelines/workflows/disbursement/primitives.ts	tracked	be3aa11a3ab800e26ece657e39d9f2c68b2439d6446ac8cf5a8c9eaaf9c5ca4f	3751	c-business-customization
file	businesses/document-core/src/pipelines/workflows/disbursement/types.ts	tracked	d5467c4f3edfa64cad9ae630933503fa65271808728267c4cb287f889654b35a	4828	c-business-customization
file	businesses/document-core/src/pipelines/workflows/doc-compare/chunking.ts	tracked	2a4ed8be9f1ea464900884a1390a38c57819b3197118706089d94350c2f007c4	16730	c-business-customization
file	businesses/document-core/src/pipelines/workflows/doc-compare/doc-compare.ts	tracked	9f093bdd05bbf045565f8dfc020657264624417414153ee3ad91101698c9d358	23153	c-business-customization
file	businesses/document-core/src/pipelines/workflows/doc-compare/index.ts	tracked	5734edc7ba65c5c5a58f8bd4d31fedd030ff5218057826460d1a9a6838914c6d	2281	c-business-customization
file	businesses/document-core/src/pipelines/workflows/doc-compare/primitives.ts	tracked	7872aed7c777a465c0a438bf896e7232262cacc1fde02e4be7a8f7e905a72595	3655	c-business-customization
file	businesses/document-core/src/pipelines/workflows/doc-compare/runner.ts	tracked	7e34d194205ad459aac2f620ea6c46805cdda951ee1077cfa7147b1203d57dc0	15998	c-business-customization
file	businesses/document-core/src/pipelines/workflows/doc-compare/types.ts	tracked	0282ebbb2dfb3504f39652cfe96543a2dae52184192b43ebb55406892c5810c2	9412	c-business-customization
file	businesses/document-core/src/recipes/recipe-definitions.ts	tracked	5fb0a969a19e2e544d2d8fe247cc2826282f3d57b13e8804bedac70ccde91d10	21480	c-business-customization
file	businesses/document-core/src/recipes/step-keys.ts	tracked	f0a0097c65d4bfbce8f77d0c311e6151edceafa877f45a398f48cb820a2f23f1	2925	c-business-customization
file	businesses/document-core/src/types/actions.ts	tracked	2c47b74498bb8866fe4d8683a392828536eeb63917ad620de35e475dd4c4d418	7605	c-business-customization
file	businesses/document-core/src/types/context.ts	tracked	02f5bd83b2f93979aa7b950d389c88ad0bdc88be662be46a58ced4cd04777fe9	6684	c-business-customization
file	businesses/document-core/src/types/results.ts	tracked	ed2959009d71c780b87571ae6060f0d638573f603f358161f2022ebe80232486	1642	c-business-customization
file	businesses/document-core/src/validation/input-normalizer.ts	tracked	85532894f24996aa74bea9eb7f89509d1959e14542033ac8e530edf1e6a46005	20581	c-business-customization
file	businesses/document-core/src/validation/output-validators.ts	tracked	0456fdb834166705a3df0290b75674997f8e614f5e8fb2869f24ca62383b427f	14747	c-business-customization
file	businesses/document-core/src/validation/schema-validator.ts	tracked	80ab04464c15b7220a60301fb8cc0d4253c7b899ade8512278038945b8ce4b59	2069	c-business-customization
file	businesses/document-core/src/worker.ts	tracked	9bce7694418bf0ef2dce77bd951bcf3d7044f9a86c8e380611a33a54f22abc37	86339	b-worker-template
file	businesses/document-core/tests/all-variants-e2e.test.ts	tracked	5f92b19db48e32b9441ca3315908bec3fe96db183f65ad3fcb1adad1f6d13ca7	18806	c-business-customization
file	businesses/document-core/tests/analyze.test.ts	tracked	08ad0c4cb6239be93af5eba85fcfc98601cde1ff3e8b01eb70afbe36ac8300db	11711	c-business-customization
file	businesses/document-core/tests/artifact-metadata.functional.test.ts	tracked	869ac402852843ec941676a0afbe17aae19594d606f8945a126dbce5ae2fa993	8099	c-business-customization
file	businesses/document-core/tests/barrier-cleanup-lifecycle.test.ts	tracked	3c6e00fd7582838ab0cdf9e61c1314e8ad1b0b5e6d2b19a5e08e6ac0d1e07f22	15045	c-business-customization
file	businesses/document-core/tests/bounded-input.test.ts	tracked	73e9105ce945aef87831ed0a637a59e619ff3ddf2390e8b7febc1ee0fc9c5f18	31002	c-business-customization
file	businesses/document-core/tests/br06-checkpoint-dedup-offline.test.ts	tracked	b6fd9851f155d27bb16c0cdddc3647e1ee8ad32a6d25f0e415a250074e178d29	3832	c-business-customization
file	businesses/document-core/tests/build-dependency-order.test.ts	tracked	07b3d6362efb8cd20caed226837f3dcb45367c8556dad08e310fcefe35a3a465	6235	c-business-customization
file	businesses/document-core/tests/bullmq-smoke.test.ts	tracked	5ea7db76e03eeffb2d3d5e7ea0b67755ad1aeeffa393551c5c4915137fb4267e	12520	c-business-customization
file	businesses/document-core/tests/cancellation-fencing.test.ts	tracked	4e0673020983c0fda28a4f20c8985bf612880898ce13538b4b88bb4ccd62cc72	10258	c-business-customization
file	businesses/document-core/tests/checkpoint-replay.test.ts	tracked	d2170bf9a1a3b8b92f9fdda6188d079529bc70645d0adbab6b9ee212d03b1569	17406	c-business-customization
file	businesses/document-core/tests/checkpoint.test.ts	tracked	542ad2a143f560367563a5b1fc20e03d22316330195f0280a73d574d41c25678	6978	c-business-customization
file	businesses/document-core/tests/child-lifecycle.test.ts	tracked	63ea10d04c8308f31d3b458d007b66b680747eb4f8d7f10e89e576658f3a2d93	20382	c-business-customization
file	businesses/document-core/tests/compare.test.ts	tracked	ff232fec79f9765e13b380cd222daca1ceb295ef6364a063384e0dfc81f4adfc	10040	c-business-customization
file	businesses/document-core/tests/config.test.ts	tracked	42512c0c991b3b13b9a1baf8bb56e050aeda13e45aaef4b585b31ba30f6589af	12421	c-business-customization
file	businesses/document-core/tests/corpus-regression.test.ts	tracked	df0fee019b2df602ec96a54ab3e507439d3192db4c8d2292eee97780fc265296	13780	c-business-customization
file	businesses/document-core/tests/cross-service-boundary.test.ts	tracked	f3a7c5a62bf266c9cb0946d6de0714285e98e0977cdf30f6625f2d5b4ceda096	5636	c-business-customization
file	businesses/document-core/tests/data-03-url-acq.test.ts	tracked	44b4ecf4a2f2f4ea0ceb49eb0c9147b0c0d3544841fb45192dbcb9992d2c7153	4760	c-business-customization
file	businesses/document-core/tests/disbursement-handler.test.ts	tracked	daceffa3c20af82dc997af327baac508371ee28ca3893115e0f4e8e17991fdb9	14722	c-business-customization
file	businesses/document-core/tests/doc-core-crypto-seam.test.ts	tracked	86e5cfc2636b107cf79d1a30c82465d1db06263195cd3c138d2944a141cef2ec	11578	c-business-customization
file	businesses/document-core/tests/execution-pin.functional.test.ts	tracked	3082c47409e49cb7dab8462ccbc5cdc252f7f8f3408ffd891c737d1255bddeda	14763	c-business-customization
file	businesses/document-core/tests/extract.test.ts	tracked	f3a68817d161283592df242f3f265721f8b34a077a68b461e9bd887b675748e9	15181	c-business-customization
file	businesses/document-core/tests/fixtures/expected-result-corpus.ts	tracked	f17a68f46737563260c440fc48e031b27d6fd5501f05c2248f927978b74f9590	29473	c-business-customization
file	businesses/document-core/tests/fixtures/handwriting-scan.png	tracked	8f00886f283996be7cbb993cfc35f1f2c50ed0c1a35b6b591ff26e69b2da33f7	859	c-business-customization
file	businesses/document-core/tests/fixtures/mock-context.ts	tracked	4323f3f53b75add7b7edd84d71ec1564f540171434a86a6651da772718d8572f	7487	c-business-customization
file	businesses/document-core/tests/generate.test.ts	tracked	4c3ace2200870f9a837e5455c9acf6b09aa3460d11d13f6c569c34ef0eb7b7ca	14087	c-business-customization
file	businesses/document-core/tests/helpers/child-process-manager.ts	tracked	6bc21e63f1c777236957a23aab78a818463dec628bcf7474182546fe7681c391	9324	c-business-customization
file	businesses/document-core/tests/helpers/child-worker-runner.cjs	tracked	808f505f8b1c3e7d24005a226424192808c4dbd6908e92ef14664e9c16ff5862	2188	c-business-customization
file	businesses/document-core/tests/helpers/mock-child-lifecycle-runner.cjs	tracked	f0a52f4dc91b5136d35bbf8a43d0c00a16b8f19d9554d6da9dca52d7a663c147	949	c-business-customization
file	businesses/document-core/tests/helpers/profile-binding-fixture.ts	tracked	362691c7038cda40ba4da423776cd0cc24464fc632a2db9ea0b5ba84795b1164	9191	c-business-customization
file	businesses/document-core/tests/helpers/synthetic-fixtures.test.ts	tracked	cb898bfb7255141591cc0bd6db053ae263bc3c0fc712f76ff8693d6608e9aed2	2029	c-business-customization
file	businesses/document-core/tests/helpers/synthetic-fixtures.ts	tracked	6e7f0ac7d2e2c60e0e7df0692085d623a170adbe002aa34d8dcf01a6f4e0e87b	6486	c-business-customization
file	businesses/document-core/tests/helpers/test-target-guard.ts	tracked	bf2b8a096e5eb165e94dca6f7bbed5cf9c3df5c375a7e7208e2041a3850ef604	8145	c-business-customization
file	businesses/document-core/tests/ingest-scan-fixtures.test.ts	tracked	19adb77842e3b8209537844e6bf40f4a39c02d5f848f19bd836f72a7ba430c36	19525	c-business-customization
file	businesses/document-core/tests/ingest-scan-tamper.test.ts	tracked	827ede66aaa969bd4838f1bc92f096c536077c64baaafcd2c91b523375af6c76	18311	c-business-customization
file	businesses/document-core/tests/ingest-source-pin.test.ts	tracked	cf3ca55870207098afe6f558522121d1763be14d62e3379c85c334f2568c29b8	12607	c-business-customization
file	businesses/document-core/tests/ingest-timeout-recovery.test.ts	tracked	b726eb8179fef860bd3bbedecc2ddc93ea292c7f31acfd1a072351951431736b	15201	c-business-customization
file	businesses/document-core/tests/ingest-wire.test.ts	tracked	6e582ea3d0c7d3bfcaaaa8eee0c972e2e8f97d46d8dbdc36c5df6bbd2c97a588	22929	c-business-customization
file	businesses/document-core/tests/ingest.test.ts	tracked	01284be3069b3aa11b670478587841404d1e6ab6ea06b238b25c0d901b30b4c0	19272	c-business-customization
file	businesses/document-core/tests/legacy-workflow-mapping.test.ts	tracked	af93c86ac844b3458133224dc9caea572fce31510ff92ed8632107544db875c5	5274	c-business-customization
file	businesses/document-core/tests/manifest.test.ts	tracked	e056f4ffc92df0717c31457163ceb9047a5b05321d71740ca95b95594e8e8b15	7810	c-business-customization
file	businesses/document-core/tests/missing-variants.test.ts	tracked	2f7b619e063f9c0bdf4061fffb7f6c662fe426d8e2d0e60a0a09b8e763655a20	7827	c-business-customization
file	businesses/document-core/tests/multi-container-e2e.integration.test.ts	tracked	2be3e29d545e761a4db83816342794f5249a036aaa1dd49d1289f515f679b923	95224	c-business-customization
file	businesses/document-core/tests/output-validation.test.ts	tracked	5182f5e9cd3d4a9996509aa3c0aef18e35a744392bf1bf6416a412a8015ce8c0	15587	c-business-customization
file	businesses/document-core/tests/p730-prefconsume.test.ts	untracked	bef4794ab85dc1691260b55e47b1c1489ec77aa14f550219842e63b49683e17b	8566	c-business-customization
file	businesses/document-core/tests/p730-sdk-consume-forwarding.test.ts	untracked	f8a7a94d03aab88ab9accdcec104c58e0ad3f1c31bbe0c67820145c9df5a247c	2381	c-business-customization
file	businesses/document-core/tests/p745-carrier-impl-b2.test.ts	untracked	097dc9c948648a65a5f76398cb8e01c10c900c7ebc4f3ebdd9e20117cbf5dfef	10452	c-business-customization
file	businesses/document-core/tests/p745-session-capture-inject.test.ts	untracked	27d3d113fb5a33643b6f3e5da91c5c3d718830ecc5a97e2087bfc89f0d25c5d5	8279	c-business-customization
file	businesses/document-core/tests/p8-01-traceability-harness.test.ts	tracked	72a7d051365dca73e546989b11aec26b9e8dc53dfae0a52734a110476a4d6f00	12439	c-business-customization
file	businesses/document-core/tests/p8-03-provider-convergence.test.ts	tracked	bbb190765f41b44d6266627e3c48c2922a35cdb3e06dd0f7ecf99eda5d15f9bd	16500	c-business-customization
file	businesses/document-core/tests/p9-01-disbursement-registration.test.ts	tracked	faa14c37483ac443025052038dbc1dbb6d21ac10abb8aab39e226ba5bc2ba2b7	2922	c-business-customization
file	businesses/document-core/tests/p9-01-disbursement.test.ts	tracked	b25100ee5c33eb210ad13d874d243aafd9a0f2ad55850f14fb859da3b49fd651	29235	c-business-customization
file	businesses/document-core/tests/p9-03-doc-compare-handler.test.ts	tracked	e362657dfb6696da5cdfa58cc2c57637fa825927d95101a9d968d9c4abbc46fa	16282	c-business-customization
file	businesses/document-core/tests/p9-03-doc-compare-registration.test.ts	tracked	e8eebcc4c4acd9901df506104774c05477863b61121a731248220634d9abf257	3493	c-business-customization
file	businesses/document-core/tests/p9-03-doc-compare-runner.test.ts	tracked	017ddbcdcd89beb74f151771d09c2dbf59a5bac1d75eea8b784958c7401919e8	16329	c-business-customization
file	businesses/document-core/tests/p9-03-doc-compare.test.ts	tracked	b400a6386a51e342aa5167f78042af3abfa35607688ca23babc7641d0f2d6b46	30616	c-business-customization
file	businesses/document-core/tests/package-boundary.test.ts	tracked	da7f87976f000531c3bd8fe7796978ba262f6ec2fada1f65fe7e30076d832d27	8811	c-business-customization
file	businesses/document-core/tests/parser-budget-band.test.ts	tracked	7b5eefb5ce7550c1e504cb7d9821b487eddf6fd64b4cbf0d0ea3333b0478b601	19765	c-business-customization
file	businesses/document-core/tests/parser-budgets.test.ts	tracked	9ffc80eeb961641b6e6276918eaa30a655ab7315423fef05aa00049a883254a6	38208	c-business-customization
file	businesses/document-core/tests/profile-binding-fixture.test.ts	tracked	6e3889ebf094725bfecf562119e016eae9373d2f64eae155960983021fa22c5e	10656	c-business-customization
file	businesses/document-core/tests/provider-backed-variant.test.ts	tracked	51d44f31bb79573dd04e7b5b3628af3c34d1fa9599bb132ca3b79ea71bff758d	21058	c-business-customization
file	businesses/document-core/tests/r1-e-artifact-inputs.test.ts	tracked	5ccf1a0828d08ca299a6dc8e29f63cb0a5951accfd3711d31f7a86d9b25e58cd	6699	c-business-customization
file	businesses/document-core/tests/r1-e-layer6-archive-worker.test.ts	tracked	d423e59370f0c35e7ede5498e385db7c5c85ed179d7be576afcf575faf255b71	4580	c-business-customization
file	businesses/document-core/tests/r1-e-sdk-metadata-adapter.test.ts	tracked	c4ad06825a77eff4b586cbd5df4fe575ca962aa2550fa4b00347f16dca5fa25b	3124	c-business-customization
file	businesses/document-core/tests/r1-e-trusted-format-propagation.test.ts	tracked	2c9c77fc327bb9deab21a2b8dd2931e226a2d36f9885bf5c9eed46c0848671f7	8514	c-business-customization
file	businesses/document-core/tests/read-stream-acquisition.test.ts	tracked	116af01df64edddcc8afc785c28d230b538366ed7836c9874c18afaf0fd2b9c9	18477	c-business-customization
file	businesses/document-core/tests/sdk-consumer.test.ts	tracked	a22549814cbaff9417132144de52d5495a76df8b7ab4ec0fe4d228a03f0d2349	29440	c-business-customization
file	businesses/document-core/tests/six-action-fail-closed-matrix.functional.test.ts	tracked	91996ad68b50606870ad00a1eedab9dc14dc061155f0fb610eb745b8b2ee111a	8504	c-business-customization
file	businesses/document-core/tests/suite-bootstrap-contract.test.ts	tracked	e8938f917d564d422ddb1beef0313ca64f633d34c7a4dda57949c81274ff13c2	12030	c-business-customization
file	businesses/document-core/tests/test-target-guard.test.ts	tracked	810cffa5f605ca3f668e769a01a21cf7ad62308c8503d3daaaf7f082d3023c4b	11566	c-business-customization
file	businesses/document-core/tests/traceability.test.ts	tracked	cb3e3a842fe792d351ad68a77534974b76db7d6d16299cf29689bfb34b3dd55e	4379	c-business-customization
file	businesses/document-core/tests/transform.test.ts	tracked	10454d78204837abdabf2f2aad586fc322e5d7f98781d32f74614327baa841db	10392	c-business-customization
file	businesses/document-core/tests/worker.test.ts	tracked	e6178b202aa9db435999adc768f819c85f2b3abf0057ce2d9621219ade0e1bc7	3601	c-business-customization
file	businesses/document-core/tsconfig.json	tracked	e0756c28970e55b58227eaabb5485e8c14c044fca7728de1eea2a5b71df46869	371	c-business-customization
file	businesses/document-core/tsconfig.test.json	tracked	d5368bcde8cbab000f47f489d7754c9b393909a1b9c2e7a42d2e233d0593cb6e	386	c-business-customization
file	businesses/example-review/Dockerfile	tracked	10ae18900d88f5386d1b5acd014772a5e54cd11c03b8d2c982d9baf58c4b88d9	2745	c-business-customization
file	businesses/example-review/README.md	tracked	3ac773de30f4219330a9fac802c03c8eb6708033c672707a3c9e47ac2a214845	5110	c-business-customization
file	businesses/example-review/docker-compose.yml	tracked	d0592ea4a69766ffe152faf9d261aefab394f46234e3491be486ea6d554eaa02	133	c-business-customization
file	businesses/example-review/docs/p7-readiness-checklist.md	tracked	90828b16332333823d55db86c58eda6cb12c814da38f3ed687cdc6a5048fb4ae	20137	c-business-customization
file	businesses/example-review/entrypoint.sh	tracked	e64192ab18b0756190d96d9f7f417ff6d46c45691e78e46a7f48b3bfc887198d	48	c-business-customization
file	businesses/example-review/jest.config.cjs	tracked	888ee30e33217feff867c727294f28e9ac64c8cdb27c7e14ede5540cbf107486	611	c-business-customization
file	businesses/example-review/package.json	tracked	a2a2150b0310784147df26f74be73b03e82160a41ea17c3d59181460d2c4c986	1051	d-infra-ci-docker-compose
file	businesses/example-review/src/config.ts	tracked	5e409f595f0b7ad166e76c99aa112f3316082c3899ba1943b8adcce97ed7bdc0	1891	b-worker-template
file	businesses/example-review/src/index.ts	tracked	1beadb337d5d69dfe3d4d2a4db3dc655753d14642bff16ef8903c557d8eb3cb5	170	b-worker-template
file	businesses/example-review/src/main.ts	tracked	fde384b3aba2fe8339877cf37e858c2f951b09d14344c7e08f2d72628472fed7	1124	b-worker-template
file	businesses/example-review/src/manifest.ts	tracked	1ecafc44825166c8178890b47a26886d17f5bce878e32e9d2e3ea28dfa539206	3955	b-worker-template
file	businesses/example-review/src/registry-tool.ts	tracked	336739c90e5e2965901641962e281db81e785434905da3e2c2040b0ce58ab7d4	7430	b-worker-template
file	businesses/example-review/src/review.ts	tracked	804c273ad3332b3df8673fb3fce1422422a1a826acb3c0afe20ad65b04387adc	36264	c-business-customization
file	businesses/example-review/src/types.ts	tracked	5cf78afbd151f048b675ec1ebefaa8012aa5e1d075e970baf3652b61891defba	1236	c-business-customization
file	businesses/example-review/src/worker.ts	tracked	2a71c97c816819837867e65229739d990e19a6b763857823a5f65fb8b134aebd	1058	b-worker-template
file	businesses/example-review/tests/approval-wait.test.ts	tracked	7558eca4454e19fb8eae519e8ff192cb2238dda7024a30f3935bba892fdf744e	7020	c-business-customization
file	businesses/example-review/tests/child-review.test.ts	tracked	9433ce94cad188f5e049b1cb00ea4ba05623b4d9349927f7bd21885e40f3e43b	12715	c-business-customization
file	businesses/example-review/tests/example-review-continuation.integration.test.ts	tracked	9bb24e6dc1e62983da2bec4844a38e92107dc2d9cefda3c7224b831c5d0e6d5e	57306	c-business-customization
file	businesses/example-review/tests/example-review.test.ts	tracked	d493145938cd6a58a5aef3e1abb048c10a8098906f937c52e5b7f728c3ceb211	9332	c-business-customization
file	businesses/example-review/tests/fanout-and-join.test.ts	tracked	6c4a4efe208b745af685987847416eea9201728e4bf7ef6d3264d050a264115a	4810	c-business-customization
file	businesses/example-review/tests/fencing.test.ts	tracked	e03e7ae5d447aacb8a5626e901cc4f19bbfec6c429f5058b975e44d9317ad20c	2143	c-business-customization
file	businesses/example-review/tests/fixtures/console-capture.ts	tracked	eafc24598160ef2eec38a0ee058dca919a0af30b34ee5384517552e90f00a68b	2068	c-business-customization
file	businesses/example-review/tests/helpers/test-target-guard.ts	tracked	83ec34ce5f2618abc3680c254646553c91dba5a1a0d164e41db2fb1ac69d32d2	1426	c-business-customization
file	businesses/example-review/tests/input-validation.test.ts	tracked	b2b4f682e6accb58e8931762e53adddb2c3bd011fe10c9756b4e95bb2927f3ab	11805	c-business-customization
file	businesses/example-review/tests/manifest.test.ts	tracked	30182cd97dcc2eedeaae05a5d515ca481d4cfde33e74c3827b79506c070c2915	3291	c-business-customization
file	businesses/example-review/tests/p7-03-registry-live.integration.test.ts	tracked	de671113762a9461fbf35ba554a02d29934a021af6ede7732379445b70eb0843	18416	c-business-customization
file	businesses/example-review/tests/p7-04-profile-assignment.integration.test.ts	tracked	9fb56d9b86ef294c9c25b968975163cdeb574edbfba9da14574e484e67c6b1ee	28923	c-business-customization
file	businesses/example-review/tests/package-boundary.test.ts	tracked	fb433c508dd9ad4d65c711572736484c9f675e699db1ce28399d2bd1b31ff870	4495	c-business-customization
file	businesses/example-review/tests/r1-e-office-safe-parser.test.ts	tracked	8a7ae4a064844f58f671aaf11ea72f1213270d6257ce3d784205bd874fd62965	7896	c-business-customization
file	businesses/example-review/tests/r1-e-unreadable-evidence.test.ts	tracked	29c6ee312f2bef8dfe2de5861b610f766535d7554acd3001626be5f1d4c9a4f9	13871	c-business-customization
file	businesses/example-review/tests/registry-tool.test.ts	tracked	e33caafb1bbd06adb2634ca150ef3e69ed28fbe7c81e5403f86b311bb95c209a	9506	c-business-customization
file	businesses/example-review/tests/task-context-consumer.test.ts	tracked	7be2131e9d032e707f13bb700dd61125fd5b50012948a30e332add6acf1ad874	16143	c-business-customization
file	businesses/example-review/tests/test-helper.ts	tracked	57bd007646040f692ebf91e52f80027d29f2f9df673619f2963c9a75b7ea6866	10181	c-business-customization
file	businesses/example-review/tests/version-coexistence.test.ts	tracked	ba583f1cdf892158155b6a10798ac282471961a59d276892271897dc1f3a10bb	3386	c-business-customization
file	businesses/example-review/tsconfig.json	tracked	5c70b981d25b5f52dff94c6f139109f3cb945b7c259ef77dc64931158a9d84cf	589	c-business-customization
file	businesses/example-review/tsconfig.test.json	tracked	1aa4efc3ce135fe1909937636ce79c5ae07de3430cfb1e405c1ebf00173722d3	482	c-business-customization
file	businesses/lc-checker/Dockerfile	tracked	c3a1b2637cd880ce650d867e6627475c50d067856de88b559f599a892c54e55b	2741	c-business-customization
file	businesses/lc-checker/README.md	tracked	37015d3e9a85e35c2b6339033de9cde6213e86b3f22aac2f499fe0c0dd2d54bb	6203	c-business-customization
file	businesses/lc-checker/docker-compose.yml	tracked	d76d92252c543c02d0f63a5557d5a392f809b2687c14f5c85eb7be0e298ffc4a	157	c-business-customization
file	businesses/lc-checker/entrypoint.sh	tracked	90d9b4e34cb5a3ecea41d120d03a531767898149dca6c5a3694ead8f9d4ead88	44	c-business-customization
file	businesses/lc-checker/jest.config.cjs	tracked	65cbe485094ad380ffae56f0c2de366c4b330899c3a85a429a10bca17c7e2da8	599	c-business-customization
file	businesses/lc-checker/package.json	tracked	60a6d8b7a0b0df6a8e2efeebe336723f0855392269f910587ab025255e97445e	946	d-infra-ci-docker-compose
file	businesses/lc-checker/src/config.ts	tracked	ce06a84ff7bb8f538d89bb68db81c6e280c6944dbb3b4b5dcd7dd63206072bfd	2191	b-worker-template
file	businesses/lc-checker/src/errors.ts	tracked	99a0b375f4b53ae036a7360b207c36b6e6e6623a95ab1292a330708a9e96d5ee	560	c-business-customization
file	businesses/lc-checker/src/fanout.ts	tracked	ebe4416d0f19f43b260cd2dac90a7f10e522a747cd9432f0cbf354a09562d080	1506	c-business-customization
file	businesses/lc-checker/src/index.ts	tracked	6809a55267ffac2a5264d4ddea6ab469d050741307084a94fc83321db260fd00	501	b-worker-template
file	businesses/lc-checker/src/lc-checker.ts	tracked	2f2fd20b724bddc1440b2385b3a9e01f75efdc5779dfb2e63fd679afce386298	27928	c-business-customization
file	businesses/lc-checker/src/legacy-facade.ts	tracked	ce2fdd258f218ebc81038ddb4221227d2fae84ff8a2bf0fe0a764da93b9b1b5b	9186	c-business-customization
file	businesses/lc-checker/src/main.ts	tracked	029270358ccee734e360eb42a4a3be51bebebcd401af16118a2ddd4df9760217	1076	b-worker-template
file	businesses/lc-checker/src/manifest.ts	tracked	b2ea42ebb365825016424e31559cdca01315ad7037b8f0be4b9d6c2ce83c908e	8301	b-worker-template
file	businesses/lc-checker/src/primitives.ts	tracked	70c2711ded0b8fa094deab0db3024535865f6e453391f9f8250594e5961e9215	3954	c-business-customization
file	businesses/lc-checker/src/registry-tool.ts	tracked	ca82bf9f5f444518a3b10eed632d58152211f6c790d6be7e354eea1ddab0ab2a	5031	b-worker-template
file	businesses/lc-checker/src/rules/ocr-prompt.ts	tracked	792f07f940215eba9b19acf63765fa3e35c760fd92a7bce8921d14fcfcbb574b	2243	c-business-customization
file	businesses/lc-checker/src/rules/prompt-builders.ts	tracked	6145d88c886635591738b15155025fdf13a2c588277d613f5bf0db8cf6c11f90	19308	c-business-customization
file	businesses/lc-checker/src/rules/rule-registry.ts	tracked	9a9093772d3dbbf1bdb56153716b0143cf616e36108d94aa3916d2ddce3e056a	2827	c-business-customization
file	businesses/lc-checker/src/rules/rule-types.ts	tracked	dd727e773d7110ab01538ecbe497e2f94118e0c49b98dd97fee6e897b53a315a	1558	c-business-customization
file	businesses/lc-checker/src/rules/rules-authorities.ts	tracked	03fe91891c1e17c0c06ac1a637ebd19c9586e9c2a5591897c022dd95eed7088e	9384	c-business-customization
file	businesses/lc-checker/src/rules/rules-data.ts	tracked	6e629beb13567f4133e801f22c3b74ea1c481c5e1ade830d7a9f56bf14b40276	1004	c-business-customization
file	businesses/lc-checker/src/rules/rules-examinations.ts	tracked	f05a668838eada06590d14be0f053b0a153ae2b6d49095b97830743a763448d9	10486	c-business-customization
file	businesses/lc-checker/src/rules/rules-house.ts	tracked	a8f7bc7da20bd0f9f46fee6fc0b42cd1e02f53bec1c7719a62f365702628a742	12498	c-business-customization
file	businesses/lc-checker/src/types.ts	tracked	fa2776f25c9b926cefad1e7f8ce1b574513e4cc60f3cdc7879c708a861358f21	8922	c-business-customization
file	businesses/lc-checker/src/validation.ts	tracked	29772678edc2d46c861d13006ced05a0c1918d425ab113b29bf103d705b5783b	13573	c-business-customization
file	businesses/lc-checker/src/worker.ts	tracked	f3238a2488d50b50c4efd36299df609867c59c3856ff55b09f10339657f8ff17	18379	b-worker-template
file	businesses/lc-checker/tests/fakes.ts	tracked	18b49158e5f303bd77df8ab5de5af240d1edf543b51aaf488dfe158b5cc8591e	10816	c-business-customization
file	businesses/lc-checker/tests/lc-checker.test.ts	tracked	4fdf9937a8949243c5050338076f7cfaa0ef81845e36b4bd31352fb45047db47	23551	c-business-customization
file	businesses/lc-checker/tests/legacy-facade.test.ts	tracked	6b007f1f495ee41f5cc5b72675ca629bd066a7ab6ae2ea76a900d860d1a6e235	8027	c-business-customization
file	businesses/lc-checker/tests/registry-tool.test.ts	tracked	d98c73e6caef50cbb3c5d8cf4abb85a2ca9d749ede743243c96ef0b9919ec5c9	3901	c-business-customization
file	businesses/lc-checker/tests/rules-registry.test.ts	tracked	6380481c5b3ee4dea75bab76d90aba87ad2596815822de9be026b0236077a118	8169	c-business-customization
file	businesses/lc-checker/tests/validation.test.ts	tracked	8d954c4a87e36651b8a2f7b29d25642b5b0a16a324dcc95cbf2039e6cd0a289c	7175	c-business-customization
file	businesses/lc-checker/tests/worker-manifest.test.ts	tracked	0b5cee7a465d1f01ce1c57132c3157990166e7af6e36677377d4c4165cf4de96	12294	c-business-customization
file	businesses/lc-checker/tsconfig.json	tracked	d12683298650a33e1b1dcca68430ba64d20c0af59ba3f65537b5ee9cd6a5ee8a	575	c-business-customization
file	businesses/lc-checker/tsconfig.test.json	tracked	c718ab29b55ba1010475eff28a8857bd9bfcae26d186e56dc61cbca969dad7a8	471	c-business-customization
file	compose/connector.yml	untracked	ca5ec309e38dcc914ea21d84a6351b1ea8070312277a775885cd66e7c1342529	1598	d-infra-ci-docker-compose
file	compose/document-core.yml	untracked	1acd1bad048ef38cb2818567ec4927457bc6cce2508e79510fbd6677b9de3164	1058	d-infra-ci-docker-compose
file	compose/example-review.yml	untracked	1ffd5529531c8843968bb9cdc17b4d45e4fc92634f8207f32ed7b38b0c605054	839	d-infra-ci-docker-compose
file	compose/infra.yml	untracked	0cd24e6f22ffbb1c72ede520fb49249b2d5d6eb89c4a28f4ecd692d49d318b63	1026	d-infra-ci-docker-compose
file	compose/lc-checker.yml	untracked	8e7f534b3a6c9b13941f4a9804d90b7a47b2fca33f6c1332cc4214172dae346f	1074	d-infra-ci-docker-compose
file	compose/orchestrator.yml	untracked	759debef775e96f560f9cd10630b438507b6f10054dc53f84e19405e37c8924b	4106	d-infra-ci-docker-compose
file	docker-compose.yml	tracked	f6a4c0db936064490f193e6292804597d0c6240e1d64a16ba18818f87280b596	273	d-infra-ci-docker-compose
file	infra/README.md	tracked	fbf5171c4fbb0af8180cecedfac6eff0c887fa7ed328117a1f3d291aec56bf76	1958	d-infra-ci-docker-compose
file	infra/deployment-architecture.md	tracked	679b394b14daa48df2626376a9e247af0ab331a7f5d4e02507c731ad34973681	9587	d-infra-ci-docker-compose
file	infra/docker-compose.live.yml	untracked	581484f606addec631f9394d242a7204fe9c146124863005e7ea911884d5b929	1903	d-infra-ci-docker-compose
file	infra/docker-compose.yml	tracked	30428b8f7f6a0b3de6626c59ff2e3ef01deee7e94b27c854ab80094c4fa36176	2209	d-infra-ci-docker-compose
file	infra/scripts/backup-postgres.sh	tracked	83e1412a525351aa4858bc51d5551e246dab56a22247fd3f418be8c9a123a32d	1670	d-infra-ci-docker-compose
file	infra/scripts/init-live-infra.ps1	untracked	13f11440bc5542d22bbd3466b4ac8ca33638333a109fb998de35a8cdbecdb840	4858	d-infra-ci-docker-compose
file	infra/scripts/init-live-infra.sh	untracked	511803a6cacffbd133f43f74d57cdd503d6391c7b374aea5c164dd0abac9819c	2616	d-infra-ci-docker-compose
file	infra/scripts/restore-postgres.sh	tracked	dcebd18ace29fc81dff9548d41914eee7709b6257c5d1266b8cf59ac7ccefc61	2301	d-infra-ci-docker-compose
file	infra/vault/README.md	tracked	b5afc60eb62d83bab721d8d16a15dea9ac7247466b6f19483083c7ea3eebd090	1790	d-infra-ci-docker-compose
file	infra/vault/policies/connector-reader.hcl	tracked	cb10a45e84cb10b0a0ae8fe8cceba037a41621787b7b196b690edb97d7d8eb8d	323	d-infra-ci-docker-compose
file	infra/vault/policies/orchestrator-writer.hcl	tracked	f6c96f1c24ce13164905b2fc46bc650f126322fb2b47c3a230abaab495387734	344	d-infra-ci-docker-compose
file	infra/vault/policies/worker-browser.hcl	tracked	afb66b693e52e80d677eae3152b50e9ed778678b35ae1c9264976f00ec277a6d	217	d-infra-ci-docker-compose
file	package.json	tracked	ac5a12c6ec71d662ad54b8fea0299371ff9f7d90c9f53dd4bd3bbcdd17290d7f	766	d-infra-ci-docker-compose
file	packages/connector-client/README.md	tracked	9c2d72f7f39fa08e48e1d498321d0684cdbf275c1d877e0d488a90627415ae49	2446	a-canonical-contract-shared-lib
file	packages/connector-client/jest.config.cjs	tracked	2eb7123c859f83929e799fc1b3c3aac094486cc8a04969835aca8f11bafd9957	323	a-canonical-contract-shared-lib
file	packages/connector-client/package.json	tracked	03da03e1f1a2784e91e9fcfecb6e54d6cdce194b5210acac4f89f54f4f581d3e	599	d-infra-ci-docker-compose
file	packages/connector-client/src/client.ts	tracked	9bf15c710a942827962e037c4e5db47fd8ee7fc4e13257bc72f22f9191a5e82d	2569	a-canonical-contract-shared-lib
file	packages/connector-client/src/contracts.ts	tracked	0267800d13befb9a0ce021bbb2f03b23f7252c8dca64dad3557c03914c566ad9	1322	a-canonical-contract-shared-lib
file	packages/connector-client/src/errors.ts	tracked	5728c25927c3d83c2eebd3879fcfaf901938606a83f5569d3505d21158eaa966	851	a-canonical-contract-shared-lib
file	packages/connector-client/src/index.ts	tracked	de4d61badcd5108aefeb8727b26eecd9a1e3c0c78dfa19c8f23628d82007a474	172	a-canonical-contract-shared-lib
file	packages/connector-client/src/sdk-invoker.ts	tracked	7b2e3dd56d1fdbc78710087dfb6c808ba62ffb6ac5ad0e4b940e03c0140f2105	4477	a-canonical-contract-shared-lib
file	packages/connector-client/src/transport.ts	tracked	932e8de7b2b71a79d61635b8f1b9953e3fa1f1c8fc045f4868d5dd9d02e71aed	10315	a-canonical-contract-shared-lib
file	packages/connector-client/src/types.ts	tracked	3b897bac552152b2b284bf1ece0f7eef864552aec6c1a60313eaf620e2f15e9c	1597	a-canonical-contract-shared-lib
file	packages/connector-client/tests/client.test.ts	tracked	8240539d0093d5bd921fc2f76759faf38a2d460b0b01f824fb2e0c72a3a917ec	2860	a-canonical-contract-shared-lib
file	packages/connector-client/tests/network-boundaries.boundary.test.ts	tracked	1dcc9aab8a922d612c4b6ea85f01523b09f4efb37ab47dda3d3b4aa6c852f24c	23290	a-canonical-contract-shared-lib
file	packages/connector-client/tests/real-service.test.ts	tracked	3ec7882b2cbafcae4bfd7f317c759ab9e2fc175f343124c40bac440cf83f582a	8461	a-canonical-contract-shared-lib
file	packages/connector-client/tests/retry-signal-passthrough.test.ts	tracked	95e3b1fe922419b0f0c3f7f9bcf11ea8383458025d822446fa76205326553440	4510	a-canonical-contract-shared-lib
file	packages/connector-client/tests/sdk-invoker.test.ts	tracked	d9f9ef77c961a22aaaedcfa6685874f9a21ec10dc48652a8531772d602f47070	2719	a-canonical-contract-shared-lib
file	packages/connector-client/tests/transport.test.ts	tracked	0b727b15bb05e23cb7fd0ca28e0a5c525afd266bf2115e5d8aa0798114ee3f4e	15578	a-canonical-contract-shared-lib
file	packages/connector-client/tsconfig.json	tracked	bc57a35947bf3334783a76cbca5875dfbe1835ffd54851e8de9e15cc81342257	414	a-canonical-contract-shared-lib
file	packages/contracts/README.md	tracked	67a5c2aa5ed05ffbb16d0c3ce8e551d23e8548210fef3e7622cf9190b52d0811	3294	a-canonical-contract-shared-lib
file	packages/contracts/jest.config.cjs	tracked	90698763bb1e7cbfb683634d698b48eea39a32767d2613cdf4045cf5e8713f11	265	a-canonical-contract-shared-lib
file	packages/contracts/package.json	tracked	41fea4b22e410ed796c722a8eae7b020eb28a03bca9f2539877b8490b0b73fc4	774	d-infra-ci-docker-compose
file	packages/contracts/src/connector-management.ts	untracked	6e9b7f913828f876342f238982766f946eb205b853f3c613a9d6919516569ad8	5687	a-canonical-contract-shared-lib
file	packages/contracts/src/connector.ts	tracked	859979838c36763104497cfdc0fb402826daaa096c1e27ee6899482fc11359d2	8850	a-canonical-contract-shared-lib
file	packages/contracts/src/encryption.ts	tracked	395e08800e3e7d6b2131c36ae85b41b70289f6c38b1970803101f266ebb7342e	13973	a-canonical-contract-shared-lib
file	packages/contracts/src/errors.ts	tracked	c2d82f050d5263b8c365cccdf772d89da9ef47b094b8ad6e46c92cfa3909da2a	3429	a-canonical-contract-shared-lib
file	packages/contracts/src/hashing.ts	tracked	a0ffafe5219f760f1eced9df6c5fc2256a18b073775549275bc390b5c92ed6e7	3568	a-canonical-contract-shared-lib
file	packages/contracts/src/identity.ts	untracked	7794f3bef1f5e1680b620b96d4b389c871f2226fe78b22e5a19237c7218eb41f	5000	a-canonical-contract-shared-lib
file	packages/contracts/src/index.ts	tracked	16a163e60ec87b674f57ec0cbd8d2fb09784c089714b67a7c2ef3622c44a3720	1183	a-canonical-contract-shared-lib
file	packages/contracts/src/ip-policy.ts	tracked	b5a78afbd8c16c5e991b18469214693fa38e2f284ad10db1c7b542b13ada2d77	11603	a-canonical-contract-shared-lib
file	packages/contracts/src/json-schema-guard.ts	tracked	fab971307b5a3e9f595e30ee55bc109080c1b1c9265c2d4d09ac3d3078b021ad	3374	a-canonical-contract-shared-lib
file	packages/contracts/src/manifest-validator.ts	tracked	f909eda5ecbc6f71f68bd0ee0c05e2b7773ac0a9d908c34c19cd43bfcdc58fdb	3993	a-canonical-contract-shared-lib
file	packages/contracts/src/manifest.ts	tracked	64c823443654ed8324f9d18be77dd1519a9c1d3fd815680d53a6b81f382d68f7	3978	a-canonical-contract-shared-lib
file	packages/contracts/src/oidc-claim-shapes.ts	tracked	b9617b8a8d73e6bbb5a649598bb7fe336a831e4d3d01fc0bd78a25ce1b39321e	11976	a-canonical-contract-shared-lib
file	packages/contracts/src/operations.ts	tracked	34454dd2ab549a47d7732dde6ed81e187eec94c61199963b417f743edc803817	15412	a-canonical-contract-shared-lib
file	packages/contracts/src/pricing.ts	tracked	a7d87207e2619f0c1bbdc53d2dca04a953aa9fe211e71e0b52fa00e5ae508c49	20721	a-canonical-contract-shared-lib
file	packages/contracts/src/profile-commands.ts	untracked	908b870b62792a51804ff08f4a53174c0add0fda09f157516a92756e426d1aaf	5284	a-canonical-contract-shared-lib
file	packages/contracts/src/profile-policy.ts	untracked	41c79cb3655b493839e08a3e57118bf49926e933ddb10a8c90899f1f8904bed0	25742	a-canonical-contract-shared-lib
file	packages/contracts/src/public-api.ts	tracked	d6017b796d84940a08737566a74902bd855fe4fa3786219610818494ffc7fae7	29017	a-canonical-contract-shared-lib
file	packages/contracts/src/queue.ts	tracked	8cf57f09b6c910af0501d06505589724ba0767e6d835d90bb49a6cd82af5687d	2172	a-canonical-contract-shared-lib
file	packages/contracts/src/request-redaction.ts	untracked	39aac7f386092c03b4e55b030bd92d007a7d369cbd6f9be8e9534b95b6cfd952	628	a-canonical-contract-shared-lib
file	packages/contracts/src/runtime.ts	tracked	66656bd6cadfc79fa45bc2f91f089cbc94c4df6f29b6429045abe038a4fca53c	24904	a-canonical-contract-shared-lib
file	packages/contracts/src/sdk.ts	tracked	5e193929a19a5447a3bafeded8885640d749f7b456643a63adbebdcf4ac9a58f	1983	a-canonical-contract-shared-lib
file	packages/contracts/src/settings.ts	untracked	346fa78723c9d5ff0a46875b785e4028999f1108f625daf2dd047ab3a2b2cd48	6593	a-canonical-contract-shared-lib
file	packages/contracts/src/usage-budget.ts	tracked	3dd94fbd1d5b90c8186b593be8c4e3949a08b2a31e890ff9c448c65d7a1a87a4	23312	a-canonical-contract-shared-lib
file	packages/contracts/src/usage-metrics.ts	tracked	a13a76543a71a43074b3152482a665f925e6724a46c6c4a8307d86bf93bb28d4	14420	a-canonical-contract-shared-lib
file	packages/contracts/src/usage-reconciliation.ts	tracked	8bb190d84e06f3ee268819983373d4c3ec46049f05d3d1934c6697fda1f31d40	32678	a-canonical-contract-shared-lib
file	packages/contracts/src/vault-policies.ts	tracked	3f3e7219ebcffb79aafab17eeb02a0f08c67609e15ecdf20e52d40ce2868f7af	5801	a-canonical-contract-shared-lib
file	packages/contracts/src/vault.ts	tracked	f11451d94e38ba6bf390ebf4ed55697a778195a0510810dd011b8d099f145ae2	11926	a-canonical-contract-shared-lib
file	packages/contracts/src/version.ts	tracked	490da72632b9db65a3c551928dd245c53cdf371cb34e85c7a3a7363e24afd43f	1607	a-canonical-contract-shared-lib
file	packages/contracts/tests/admin-resource-list-contract.test.ts	tracked	972bdab750f5f3dcd87fe33cadd810f23fd8c6a6b83b74e9214bf4336ff68608	2644	a-canonical-contract-shared-lib
file	packages/contracts/tests/dto.test.ts	tracked	049107cf9524c9f50ffd25a4ecd4274513c3ad14bcce9ba790145b8b88a2c94f	10800	a-canonical-contract-shared-lib
file	packages/contracts/tests/encryption.test.ts	tracked	4669baa4f3ac80cace880f6fc03aa65bf555d7a66053b20bd7050ac4b9d1528f	8984	a-canonical-contract-shared-lib
file	packages/contracts/tests/grant-encryption-envelope.test.ts	tracked	88fb51981273840fb97f839466f938cfcdde1040c03ed0df1a6e74d5037b2e11	6438	a-canonical-contract-shared-lib
file	packages/contracts/tests/hashing-errors.test.ts	tracked	34dafbe10d5f00154935220f6a216b6fd8fa6921fb235492288545ee0bf23d3b	3612	a-canonical-contract-shared-lib
file	packages/contracts/tests/ingestion-receipt.test.ts	tracked	c306ba99c9b646defe2f49d3ad69a11bc75bc116c41192c27601727bff6a7716	4405	a-canonical-contract-shared-lib
file	packages/contracts/tests/invocation-hash.test.ts	tracked	f59f55a9ff94cf464c7c49a1193feb2077139337a9976bb3a4d3540f5fc3d4f5	2470	a-canonical-contract-shared-lib
file	packages/contracts/tests/ip-policy.test.ts	tracked	180cee2eacde1569349dc2f0e160fe2a527794bc225372e1ac44abbdf08faa02	2293	a-canonical-contract-shared-lib
file	packages/contracts/tests/manifest.test.ts	tracked	92be2310336effff3e515a4a0c90fcd1d4d0743a72257c350a83a65cd633be77	8228	a-canonical-contract-shared-lib
file	packages/contracts/tests/multipart-contract.test.ts	tracked	a496a9b9a482b28a7763f0fa5cae8e9d0ad2b7e075c25151824abbf6511ff266	12412	a-canonical-contract-shared-lib
file	packages/contracts/tests/oidc-claim-shapes.test.ts	tracked	cb03335ed8298056c2baa0ef25eac6a6c7e81aa2081c8073e790839dfc61e9d1	7645	a-canonical-contract-shared-lib
file	packages/contracts/tests/operations-list-contract.test.ts	tracked	9e0c5ed7c11cc8c25d272559634877e99e2eb5d2bd6ce95121630eec93f62b1d	9449	a-canonical-contract-shared-lib
file	packages/contracts/tests/p745-options-allowlist.test.ts	untracked	aaa70ee25d6042a923a943f42064d225ef3f8af33d43ebb2f73b9d80d37e6098	2667	a-canonical-contract-shared-lib
file	packages/contracts/tests/pricing.test.ts	tracked	685147cac5f55181081ba4c57784c4b43f066babb4bda31654f5b705afd0b2fe	19747	a-canonical-contract-shared-lib
file	packages/contracts/tests/profile-commands.test.ts	untracked	726b3acd489c28bad791d6feea5aa64c9c16441a3252d82abf96e4b4ee77ac23	3880	a-canonical-contract-shared-lib
file	packages/contracts/tests/profile-policy.test.ts	untracked	5045858d469793d40a400f5321f4becf324af05ec599cbab9fc6244b29e2154c	11293	a-canonical-contract-shared-lib
file	packages/contracts/tests/queue.test.ts	tracked	b66fd367d7248ca8530222eed83571d5e09c510d4079aeeae84f75e52a7a3054	2540	a-canonical-contract-shared-lib
file	packages/contracts/tests/result-wire.test.ts	tracked	07ac99b761403d7073c8b299f14dfc87a68ff2bc9510dada336414b2558595a3	3290	a-canonical-contract-shared-lib
file	packages/contracts/tests/settings-prompt-slots-spec.test.ts	untracked	9570c99359f48a20e25852f6764b86698cfc33732c1236fc58ae54a030157c78	2825	a-canonical-contract-shared-lib
file	packages/contracts/tests/state-machine.test.ts	tracked	b4b2723578291f4a10e3c0b12f3092fcf2eb7dcfead4a2eed38ccab60a063ae9	3221	a-canonical-contract-shared-lib
file	packages/contracts/tests/stubs/vault-dev-fixture.ts	tracked	8ed2ee9aab6d108571f40b8ca652301e4b7c58f28f982be02152981dcbccd655	7716	a-canonical-contract-shared-lib
file	packages/contracts/tests/usage-budget-reservation.test.ts	tracked	0c375dfc39a034b12f515867cb07717a6ccd79bc05de32b3ef8f030fd9603956	5783	a-canonical-contract-shared-lib
file	packages/contracts/tests/usage-budget.test.ts	tracked	5c2eee1edb47ea50a57f819ed88d82a4726938e6cf626e082c65a1febb7c2057	22683	a-canonical-contract-shared-lib
file	packages/contracts/tests/usage-event-export.test.ts	tracked	27de245aead1915c5730f02fa0125bf7279f57a9001bdbddadad45226a3ce779	3970	a-canonical-contract-shared-lib
file	packages/contracts/tests/usage-metrics.test.ts	tracked	86ff6f3a3a9888fbf0df6cf2b5e21fe1bdb9304e7b1f1f2c56722a53710c5ed7	17189	a-canonical-contract-shared-lib
file	packages/contracts/tests/usage-reconciliation.test.ts	tracked	dab61b2056c48a450b6a40f7d4739b65ca01523fcd46d584a3f4c771e6fdcdc8	23693	a-canonical-contract-shared-lib
file	packages/contracts/tests/vault-policies.test.ts	tracked	7c4526e684f24789edb551a228dd6784b92977129ab71615e6486495d4bbbc4e	30888	a-canonical-contract-shared-lib
file	packages/contracts/tests/vault-ref.test.ts	tracked	c2db649e522c5b121dd3252ed41a4b9aacbaff0304d13c63aef9e205b371b97d	8555	a-canonical-contract-shared-lib
file	packages/contracts/tsconfig.json	tracked	c013500a126a7403ae4897b7ac42a784a78915b1ab93795b8f04fa1b9061cbe7	200	a-canonical-contract-shared-lib
file	packages/document-kit/README.md	tracked	ca88aad93e569df5aca3f37295a19e9e2d568d068abff597c913090c46b5a2f2	5028	a-canonical-contract-shared-lib
file	packages/document-kit/jest.config.cjs	tracked	8c1ca8d0639e1f018aa2f210a89c076595a17ff28ed57814faa6bbf085beaf5b	269	a-canonical-contract-shared-lib
file	packages/document-kit/package.json	tracked	be56128c40f15648eebe043c7f018b9fdebda0f3ea5ab2301c94e9b9e98bc871	700	d-infra-ci-docker-compose
file	packages/document-kit/src/archives/zip-extractor.ts	tracked	ebecdd01f37673137951c189e01b2c955bedd494ed9f4480a497553c691e8e4a	25679	a-canonical-contract-shared-lib
file	packages/document-kit/src/converters/diff-engine.ts	tracked	4913a030ebcbf9723f4d183fa893e61c49cf65631eed94cdd067c071457f1392	2958	a-canonical-contract-shared-lib
file	packages/document-kit/src/converters/format-converter.ts	tracked	1a7db031e41eb8529e8bb5a6fb39d3bfa0276194acacc8cda79c1db4486f03da	2447	a-canonical-contract-shared-lib
file	packages/document-kit/src/converters/pii-redactor.ts	tracked	5f7b440b275fa2344a79e3cc1ee4e5919a41c28a9674d7da4cfca4e350394b63	1899	a-canonical-contract-shared-lib
file	packages/document-kit/src/converters/template-engine.ts	tracked	3b89b5bda6de5172bc6b322e4c2511d181cf0f87de51bc5b3e252b8178da4497	1163	a-canonical-contract-shared-lib
file	packages/document-kit/src/converters/text-chunker.ts	tracked	9bf2cea5f369a9e3c350579802ddd06e1042613935565e61055a2cf897984889	1880	a-canonical-contract-shared-lib
file	packages/document-kit/src/formats/detector.ts	tracked	b076cbc15f8193d215674aa52889b5fbad84737216a59363c0f823ee537c7d65	5822	a-canonical-contract-shared-lib
file	packages/document-kit/src/formats/pdf-splitter.ts	tracked	1944db98bd0829445afd83e01c3bdf94f6c8e012903e66cda8c25a8726d52e1c	10016	a-canonical-contract-shared-lib
file	packages/document-kit/src/index.ts	tracked	0c958235bfcd0d15889e001c87e09e712d24d060369c2c5f1903e08f74101bdc	660	a-canonical-contract-shared-lib
file	packages/document-kit/src/parsers/excel-parser.ts	tracked	6d47cb0445ca97ffcd576e7f4ae0dc3cef2f696ad7fcca00811a74cb76218c0f	13386	a-canonical-contract-shared-lib
file	packages/document-kit/src/parsers/factory.ts	tracked	971fecc350b2f6abb687de6083910593fcbcb97b4871486e8f8432f83ba1c843	4630	a-canonical-contract-shared-lib
file	packages/document-kit/src/parsers/limits.ts	tracked	4a6f95bd46e7b8c1c3e19331b1b764eeeb015604cb3e48f0b5adc655914d66f7	2889	a-canonical-contract-shared-lib
file	packages/document-kit/src/parsers/pdf-parser.ts	tracked	afcbedc62f52f8518f3b83d629b021059896ef690811f1db51445449081ff9b6	3929	a-canonical-contract-shared-lib
file	packages/document-kit/src/parsers/text-parser.ts	tracked	992bc845c05595dc729f04ad2687386b01b74b7605ec238055a4e065a9182701	2226	a-canonical-contract-shared-lib
file	packages/document-kit/src/parsers/word-parser.ts	tracked	db1e5e317503dbbf94f4047675b947f003ce3d20877b415fe52c8421358c8be9	8146	a-canonical-contract-shared-lib
file	packages/document-kit/src/parsers/worker-isolation.ts	tracked	665eb4cbe8c03b438075d16e758c15b63f108152b0e8c491ef8afe7aaf2ae0ab	5730	a-canonical-contract-shared-lib
file	packages/document-kit/src/types.ts	tracked	d1b18cba1ac80f9e24f1b57b89a990dac2c24465f2aa1146722e2436647479ed	3290	a-canonical-contract-shared-lib
file	packages/document-kit/tests/converters.test.ts	tracked	1d52fd50a1016cf508c912cc09fa53595654868f0a194231a314586b290b75f2	5948	a-canonical-contract-shared-lib
file	packages/document-kit/tests/detector.test.ts	tracked	878c7240e89b75d2e68243a92d6b6d86fad110319b8a0243cc1a4774bb3fc3d3	1665	a-canonical-contract-shared-lib
file	packages/document-kit/tests/fixtures/test-fixtures.ts	tracked	e3a52c1e1d5b27b21e2f8fed6a3c6f892d66daa4df9c878f4ad038f6847a6e5f	7270	a-canonical-contract-shared-lib
file	packages/document-kit/tests/limits-boundary.test.ts	tracked	72a5b33d8a0cc9463f6d3ad55e3be1d8295fac3fc7cd7d3476c190308e5beae0	24436	a-canonical-contract-shared-lib
file	packages/document-kit/tests/parsers.test.ts	tracked	5c43dd3c9c3e8644a350eb93c4edac65b9236180dbb823debc85eed1e3be86fb	6884	a-canonical-contract-shared-lib
file	packages/document-kit/tests/pdf-splitter.test.ts	tracked	439470391940baea61d118e7ca48cc0de40e15003d9fa983d7d717812d2e3608	3598	a-canonical-contract-shared-lib
file	packages/document-kit/tests/r1-e-archive-guard.test.ts	tracked	3c33302d72ba0c322330b5848396c4513975dff0ade9a2e1796f4edf7e3f67b2	10512	a-canonical-contract-shared-lib
file	packages/document-kit/tests/r1-e-declared-metadata-parse.test.ts	tracked	eeba5ffe4f85e130c72e6e0145b892dc489317b457a0708519fe5c39977c9523	2210	a-canonical-contract-shared-lib
file	packages/document-kit/tests/r1-e-format-identity.test.ts	tracked	d6d72a238ccc38bb188157f7aa372944d24ad7e217d565c3f464c847869c7ac1	6263	a-canonical-contract-shared-lib
file	packages/document-kit/tests/r1-e-zip64-descriptor-cpu.test.ts	tracked	9a902362a115ba1a12fd6245947f564d60f110c06023cd261e0194149e150d54	5566	a-canonical-contract-shared-lib
file	packages/document-kit/tests/zip-extractor.test.ts	tracked	3376d47ab311d015b0c807949eb4b60e67ecb09fe683f5cd3aee684cd0455295	5208	a-canonical-contract-shared-lib
file	packages/document-kit/tsconfig.json	tracked	e46ec007c15b12d2878f1f47d301a570c5e6ad377b4cdff30bdde38c745774fd	202	a-canonical-contract-shared-lib
file	packages/egress/README.md	tracked	82bade0c71e40d36e94b9c073b13d67ebd5de75e3f18de00f6333b740331ea96	3537	a-canonical-contract-shared-lib
file	packages/egress/jest.config.cjs	tracked	a124881265e51b1ab76f1436e501567d7ca09971476032e15915dcfead6f6f50	257	a-canonical-contract-shared-lib
file	packages/egress/package.json	tracked	28620e6ecba4717a77db42ecc7a566a75edc7cd8a814f2cfd259bff504b42fa7	756	d-infra-ci-docker-compose
file	packages/egress/src/index.ts	tracked	53d74040f273de966bdf1142d22d372855c19551f8816d82f184e0f6929e1940	399	a-canonical-contract-shared-lib
file	packages/egress/src/pinned-fetch.ts	tracked	a812ce680880174373945bf983e43f8bf666a465ef0312db90d827c21eb1b638	16833	a-canonical-contract-shared-lib
file	packages/egress/tests/egress-boundaries.boundary.test.ts	tracked	32dc6c43321b1875c52f620454754759a3d7e3ce5a8999fb364180a6855892c9	8911	a-canonical-contract-shared-lib
file	packages/egress/tests/egress-ssrf-deny-matrix.boundary.test.ts	tracked	3e903232fc10b1403d3fb1df8fe7aa1ff3a82088bbc24b4adc352eaf9a5e6899	4484	a-canonical-contract-shared-lib
file	packages/egress/tests/egress-ssrf-redirect-matrix.boundary.test.ts	tracked	2accdc69fbd0678ea0614c28ce5c8decc4364764e88da6a5de71762f5200956c	5015	a-canonical-contract-shared-lib
file	packages/egress/tsconfig.json	tracked	b4519bd2d274405011b2d678bc570f44c741fc7fa8e93a98bdee04975f464799	193	a-canonical-contract-shared-lib
file	packages/observability/README.md	tracked	96846bb8c3374d292e6446f4e7b347269617b825448971ecf0a4799888e2ed9c	3499	a-canonical-contract-shared-lib
file	packages/observability/jest.config.cjs	tracked	90698763bb1e7cbfb683634d698b48eea39a32767d2613cdf4045cf5e8713f11	265	a-canonical-contract-shared-lib
file	packages/observability/package.json	tracked	329c89025901de7e6650ba7442f7d1318ba5da3587546b531a1314e463ec6aec	702	d-infra-ci-docker-compose
file	packages/observability/src/context.ts	tracked	71803f4e476e68105d20bde2d344a1f7dd5b7443e11c111f6330bbbc696494fc	1867	a-canonical-contract-shared-lib
file	packages/observability/src/elasticsearch-collector.ts	tracked	45591128de86d5d606a31b067f0a8d8821480a530fabb3b36bc70f0e007cb470	32277	a-canonical-contract-shared-lib
file	packages/observability/src/index.ts	tracked	8877121630a422b2b9d2b396914b05cdf77deaddbd281cb83f2bf1d79ac7a813	318	a-canonical-contract-shared-lib
file	packages/observability/src/log-events.ts	untracked	b543ce46f83926b9784b1af646f06f1882188c6a8463ee622ccf8d00c26aa3b4	2527	a-canonical-contract-shared-lib
file	packages/observability/src/log-metadata.ts	untracked	f4aa191d3549006499003b1bc70602c6e77fc911bfafbeda1b9c0cee288e4aaf	2462	a-canonical-contract-shared-lib
file	packages/observability/src/logger.ts	tracked	e8c320758120e1cc57997a8d7511d2f8269f0e0e42e92a9409e52d676f73a7c5	5793	a-canonical-contract-shared-lib
file	packages/observability/src/metrics.ts	tracked	8e75bb7b20eb6d2812a3f71244665439622d98072430fe1bab094b338d10cf2e	6714	a-canonical-contract-shared-lib
file	packages/observability/src/redaction.ts	tracked	221b898a4f0e5eedd42262a20f677efae0249708e57780fb45f5b3eb07d1262d	7142	a-canonical-contract-shared-lib
file	packages/observability/tests/elasticsearch-collector.test.ts	tracked	6c436311376f65884028aec5b7fe777c4a613bef891322f97e8ea5eb0530a974	10520	a-canonical-contract-shared-lib
file	packages/observability/tests/observability.test.ts	tracked	2d2fc46d7493b44920670046c057d05d870eada5c9faa557f01768c40bec680f	15202	a-canonical-contract-shared-lib
file	packages/observability/tests/payload-privacy.test.ts	untracked	a4a1b09ea931a1b1e4c19fc39451c94294a3e84eed4584f187749934d043b26c	3304	a-canonical-contract-shared-lib
file	packages/observability/tsconfig.json	tracked	c013500a126a7403ae4897b7ac42a784a78915b1ab93795b8f04fa1b9061cbe7	200	a-canonical-contract-shared-lib
file	packages/worker-sdk/README.md	tracked	b468726deff82a917368886e4d90c136650b4e37055dc450fa4283c69e97e4f5	2655	a-canonical-contract-shared-lib
file	packages/worker-sdk/jest.config.cjs	tracked	90698763bb1e7cbfb683634d698b48eea39a32767d2613cdf4045cf5e8713f11	265	a-canonical-contract-shared-lib
file	packages/worker-sdk/package.json	tracked	10572e954f479194d58106cbb0d70248541128fcf7088d3a09d84d545ed21f8a	878	d-infra-ci-docker-compose
file	packages/worker-sdk/src/artifact-multipart.ts	tracked	9a3e8899ddf7e606adcc64c91f0207b105ae8eff3d7159e0006767d7b366b938	14198	a-canonical-contract-shared-lib
file	packages/worker-sdk/src/artifact-streams.ts	tracked	21cd0fa96956ab7d2fd088d2627c2cebc19899156d7b76d2cad44bd3f1dd12b2	40422	a-canonical-contract-shared-lib
file	packages/worker-sdk/src/bounded-fanout.ts	tracked	ed3a6217f9dff56d2f64d05dc34e8d86153084c95e14e3fa8c6e76f673e4ef99	3024	a-canonical-contract-shared-lib
file	packages/worker-sdk/src/connector-invoker.ts	tracked	a6f8d54cbd813dd9c9e0bed79b7d46ee73641fbdbf2cf04c53ee641574f1ef88	9155	a-canonical-contract-shared-lib
file	packages/worker-sdk/src/connector-session.ts	tracked	1103a77451d8cd6bbad45d403dd52bfbffd57b4b5916a82d85851735ef942af1	12641	a-canonical-contract-shared-lib
file	packages/worker-sdk/src/crypto-seam.ts	tracked	54c238aa566bcf04a7ffb7ce9e71ebf9ce90fd8df8c65ff59e9a593646f2a071	5978	a-canonical-contract-shared-lib
file	packages/worker-sdk/src/crypto-storage.ts	tracked	ee382e4ce5e1f55fc01bc7039d1dcc89fe16216e43a8174a4fda1890593e3177	37868	a-canonical-contract-shared-lib
file	packages/worker-sdk/src/fan-out.ts	tracked	410ea97532106511f5a968a5a25b2cec1da637f85fb98c5f2ac9f371f66763fa	25520	a-canonical-contract-shared-lib
file	packages/worker-sdk/src/index.ts	tracked	76a0a16f26187ad19d3d28d697fcb97632a006e1d364078666d1e72ff621552f	4834	a-canonical-contract-shared-lib
file	packages/worker-sdk/src/runtime-client.ts	tracked	e76564fa11d0fcadc7540cc3aaafbf8ac22f328eeef49177e138a956e3111e55	10661	a-canonical-contract-shared-lib
file	packages/worker-sdk/src/source-acquisition.ts	tracked	be7ac23af99e63916bfbfd4d1314f0d7d9eb04fe00703f3aec94cf9571563e1e	16746	a-canonical-contract-shared-lib
file	packages/worker-sdk/src/source-ingestion.ts	tracked	8e13f361ff50a7ca068570ac9f97e74d2db93140fd73f2feeb4009fd6b54fde8	21477	a-canonical-contract-shared-lib
file	packages/worker-sdk/src/task-context.ts	tracked	f81d4d56d782f1680d0587151a33ce2c45b6b2405f077020cb41eac0f8217e68	38621	a-canonical-contract-shared-lib
file	packages/worker-sdk/src/types.ts	tracked	ded3e9f350b80e70af597be930c7d1bf44d382764ab10af343c169baf5f2c598	15818	a-canonical-contract-shared-lib
file	packages/worker-sdk/src/worker.ts	tracked	7a62a47a04c2c41cbb7add488ae05a400e7927131c27f44bab5058522f173c2f	21891	a-canonical-contract-shared-lib
file	packages/worker-sdk/tests/artifact-direct-band.test.ts	tracked	08e65f262583c08568d4efe86385636a7506be15419dbbfd9949d7d230dd286a	22097	a-canonical-contract-shared-lib
file	packages/worker-sdk/tests/artifact-multipart-rss.test.ts	tracked	54b612d784172f18db90ff96dfe11a47895ba3037c8e6aa8530c54e5ded08ef3	24823	a-canonical-contract-shared-lib
file	packages/worker-sdk/tests/artifact-multipart.test.ts	tracked	10bc4e1b7d31d5fd31424c25f4f320774adf72857cf55330eae2f68256821248	33580	a-canonical-contract-shared-lib
file	packages/worker-sdk/tests/artifact-read-metadata.test.ts	tracked	9e455382e0d5cd9a2af089113120604baa60b04a48ab41a6e48fc2d20142ef19	26383	a-canonical-contract-shared-lib
file	packages/worker-sdk/tests/artifact-stat.test.ts	tracked	a69c916c3837190aa6132cc5a14f28d6047b2d9d486d0b8735cc7416c4c97833	15122	a-canonical-contract-shared-lib
file	packages/worker-sdk/tests/artifact-stream-bounds.test.ts	tracked	c6691acc7c763d45f2919f39461644aa8c5ed513d8078cb33ba803a5ac73a21b	22392	a-canonical-contract-shared-lib
file	packages/worker-sdk/tests/artifact-streams.test.ts	tracked	718fd54ec63aab9faa53cfa458ae881c3f36fdecc070b2d594541266499d07c2	44266	a-canonical-contract-shared-lib
file	packages/worker-sdk/tests/artifact-sweep-guard.test.ts	tracked	068cb835c37c4c7386cf27bf9c499b7bf57c17c629481341df2adfca4c06ab5a	11513	a-canonical-contract-shared-lib
file	packages/worker-sdk/tests/bounded-fanout.test.ts	tracked	2c000c86b5408a9f3e17b86e77fc2c672b01916022f4c326c7bbebb3f766ff88	3507	a-canonical-contract-shared-lib
file	packages/worker-sdk/tests/connector-input-contract.test.ts	tracked	2dd3780d81840e37e60c4b581dd5de8d70fc8fdc0e6d6888d94cd88099381bf7	10691	a-canonical-contract-shared-lib
file	packages/worker-sdk/tests/connector-invoker.test.ts	tracked	5ba0d329f1ced89e74e9f95b8a9e081150fe2260143f5ac3509947947a5a3b99	19615	a-canonical-contract-shared-lib
file	packages/worker-sdk/tests/connector-session.test.ts	tracked	4ee7db3debc987ad46ef4a785205735da9ec49c303c5d6bc33267831e704b68f	38882	a-canonical-contract-shared-lib
file	packages/worker-sdk/tests/connector-sync-post-code.test.ts	tracked	5f534193f3fb884615c0d5fa9c0c12d187328b6879dc6ae3ce94c833fd17ae7e	7113	a-canonical-contract-shared-lib
file	packages/worker-sdk/tests/crypto-seam.test.ts	tracked	d0ea67f0d4b2ac577971d719ab570c57fc1d17ebf98e1b0e215d11792fb62f9a	11614	a-canonical-contract-shared-lib
file	packages/worker-sdk/tests/crypto-storage-plaintext-bound.test.ts	untracked	ff0ccf4507c8e8bf90cea2d2cfc5e97ad19ec14eb02ffacce626f4a7c0408045	9074	a-canonical-contract-shared-lib
file	packages/worker-sdk/tests/enc-read-roundtrip-proof.test.ts	tracked	9b8f1b9553e4082d3154871487668811d164b044c93d5ef2e973d02d4875c6b7	5804	a-canonical-contract-shared-lib
file	packages/worker-sdk/tests/fan-out.test.ts	tracked	1e5e280b84023b1eaf2e890ee8c16cd8d285e3a47fe15c49ae653c486c1b868e	31164	a-canonical-contract-shared-lib
file	packages/worker-sdk/tests/network-boundaries.boundary.test.ts	tracked	339f1f8b6bee8a43ebcccce84ac838f0ac01618cc971c7069908c058de6b5553	16241	a-canonical-contract-shared-lib
file	packages/worker-sdk/tests/p730-pinned-policy.test.ts	untracked	2703c7f79597d2295f2122da7ff8bcffa9f29d5bc303adbfd604aa3debcd73b0	4469	a-canonical-contract-shared-lib
file	packages/worker-sdk/tests/p730-sdk-consume-pin-passthrough.test.ts	untracked	6e3a8546412dc78631ca282f3b885cb71040ddeca719b41ecc8201ff284fd8ab	10763	a-canonical-contract-shared-lib
file	packages/worker-sdk/tests/p745-carrier-sdk-forward.test.ts	untracked	0eb478327d404069466c6d1930ddcd2d279a73cd36ab03c4396be61e7fe37812	11607	a-canonical-contract-shared-lib
file	packages/worker-sdk/tests/p745-options-passthrough.test.ts	untracked	10e4d3b71bebafd59f705801763223b54bb46cec0bdb0b9c34e7acfed27bd698	2596	a-canonical-contract-shared-lib
file	packages/worker-sdk/tests/rv01-03-fail-closed.test.ts	tracked	8e607ac9bd38a78148eeafd144d699089748bea639b21237c3475f06a290d6ba	20852	a-canonical-contract-shared-lib
file	packages/worker-sdk/tests/source-acquisition.test.ts	tracked	abaf6287fd6e7cd0cfa65e27e0d2e714cee1700dee534e9bd2908d0f9d146d39	22566	a-canonical-contract-shared-lib
file	packages/worker-sdk/tests/source-ingestion.test.ts	tracked	d0a5350656e98ea821232062eff4b83bd3bc4edcec852461bdcced346c1e1aaf	33331	a-canonical-contract-shared-lib
file	packages/worker-sdk/tests/temp-sweep.test.ts	tracked	eb91a672340144140cf8696ea9ed66d3581cc9e8851a80c6e2799c11d8a263d9	17342	a-canonical-contract-shared-lib
file	packages/worker-sdk/tests/temp-workspace.test.ts	tracked	e6dfc014690e65ef71795c9bda04929c9cb8fd43dd9523c751bd3449220856ac	14250	a-canonical-contract-shared-lib
file	packages/worker-sdk/tests/worker-service-auth.test.ts	tracked	ff372d233b9c19c30b952ed7dfaa99bfe05d3cf75564bd905b0ffcb9770ed803	14501	a-canonical-contract-shared-lib
file	packages/worker-sdk/tests/worker.test.ts	tracked	2a05cc8f481e23332a1c1837d0c264171a42e8214e0907b6d416547a4437569a	26795	a-canonical-contract-shared-lib
file	packages/worker-sdk/tests/workspace-reference-wiring.test.ts	tracked	81e4155c73832049c2dd056c3885d0b657a9c513b632ad1fe0752732ccc96a3b	12493	a-canonical-contract-shared-lib
file	packages/worker-sdk/tsconfig.json	tracked	c013500a126a7403ae4897b7ac42a784a78915b1ab93795b8f04fa1b9061cbe7	200	a-canonical-contract-shared-lib
file	pnpm-lock.yaml	tracked	74eb0f419d84e9f70f6242f2772c9f006a48ac0b01c1fcf48e26a84a633b4fcd	230043	d-infra-ci-docker-compose
file	pnpm-workspace.yaml	tracked	2f1d1078bab59fd8dd55531be324a9fcc93406e1feaeb0ba1528cedd1295dd50	187	d-infra-ci-docker-compose
file	services/connector/CODE-ARCHITECTURE.md	tracked	009c432b590c612bab95ffa0f3dada7640f7de4855a4a0d2a8712a9ca4b1f6c4	7777	a-canonical-contract-shared-lib
file	services/connector/Dockerfile	tracked	150da1421b3823791ee49b82c6461cb86eb64dcac2f5b254d1cf47e93ad699f2	2740	a-canonical-contract-shared-lib
file	services/connector/README.md	tracked	5ccab46a03f089d65009112ceb660d8cbcd4c229161d8ed804bcc09075f43904	3514	a-canonical-contract-shared-lib
file	services/connector/docker-compose.yml	tracked	26be43e2c02ac6c8966be71917e3cf81814fcb4078e67294e46adeae7c1c27d9	88	a-canonical-contract-shared-lib
file	services/connector/docs/ADR-001-async-provider-polling-contract.md	tracked	4ff52a9ec3b1a81ce6457e51932fe7e55906adb8f70269ff99bb0e30b8ea4fb4	2383	a-canonical-contract-shared-lib
file	services/connector/docs/protocol-matrix.md	tracked	1f3365d3a5f8f9a9e89cb5044edd84cbd460a380a8dadb3da9301a8212e21231	1456	a-canonical-contract-shared-lib
file	services/connector/entrypoint.sh	tracked	800e2c8d42309beef32d4969d124abf93d7f51a8cfec29168437b961166cbb57	54	a-canonical-contract-shared-lib
file	services/connector/jest.config.cjs	tracked	24963d52026f4583fde41c89993faa3d50b586f7c2c991a4135b7d1cf643a656	248	a-canonical-contract-shared-lib
file	services/connector/jest.unit.config.cjs	tracked	fa5f6eed4838aaa25b2a5ff05c969f1605eae94220161011f37ce00c79e6297f	342	a-canonical-contract-shared-lib
file	services/connector/package.json	tracked	0e71fcb2b0d06d93514f365badc9ff17bf0b50de08f617904fd00b3287ac7285	832	d-infra-ci-docker-compose
file	services/connector/src/adapters/http.ts	tracked	8df114af9959f825efe3b03536f9f749c11426f9b1dfdebb8c852ff85626cf6f	5445	a-canonical-contract-shared-lib
file	services/connector/src/adapters/mapping.ts	tracked	99faa69fb6f4727eb96012863ecc905a6b80c721cb2a596400be32b0c9eaaba2	1046	a-canonical-contract-shared-lib
file	services/connector/src/adapters/pinned-fetch.ts	tracked	6c6a4aa0ca7df442765119f3bf206276329005fc6ef5155ea9db4dd46ede6af6	463	a-canonical-contract-shared-lib
file	services/connector/src/adapters/registry.ts	tracked	222b57cdf7857ff2f1c325ae5804a5d7e19f8d9041cffb4786d2e6219b50f3b9	1022	a-canonical-contract-shared-lib
file	services/connector/src/adapters/transport.ts	tracked	1d600b133e417c6a329b63d73cf37d5a23477aaa438b6d9788587a7d393908d6	7185	a-canonical-contract-shared-lib
file	services/connector/src/artifact-content.ts	tracked	61a8e91ec4ea7c0cc592a3b0635fe98c6291f3f04bd05236f5106bbe2d5ece55	1997	a-canonical-contract-shared-lib
file	services/connector/src/composition.ts	tracked	997490195af252d83a01b38eb65d9b37b6966438178f83a8d24b79fc6e570fd8	5761	a-canonical-contract-shared-lib
file	services/connector/src/config.ts	tracked	daca8611230ed921a58ef094c234e6c925b06351145f52ba07b4a2dde0265bb1	991	a-canonical-contract-shared-lib
file	services/connector/src/contract-grants.ts	tracked	5771b232cdbbb3120fd37988e017c3ebec4722c3f89a661ace5b26759bbf65d9	1654	a-canonical-contract-shared-lib
file	services/connector/src/contracts.ts	tracked	c02befcfae85cad906c0452b51a28f2f9ffc5ca29af8a79fd7b87e16ffed8f23	3996	a-canonical-contract-shared-lib
file	services/connector/src/db/migrations/001_connector.sql	tracked	0ce5e6164db756f6f8ec8f736d3f2368f6731c7d44e7e43d43b10857ae6cc3c2	1853	a-canonical-contract-shared-lib
file	services/connector/src/db/migrations/002_connector_poll_recovery.sql	tracked	53aca0204e64d87e906be0830d60d93e6549b63062e2d546df8a6336a5021b60	339	a-canonical-contract-shared-lib
file	services/connector/src/db/migrations/003_connector_quota_carry.sql	tracked	0c65df23157840ac5a47f83c54d187cbd0d040cc86e03d4a31b5f45f2d810199	363	a-canonical-contract-shared-lib
file	services/connector/src/db/migrations/004_connector_poll_backoff.sql	tracked	2615bc0a45941f0e7283df135f2749d7e9ec213bc06ec06be0a1806676f44597	114	a-canonical-contract-shared-lib
file	services/connector/src/db/migrations/005_connector_polling_state.sql	tracked	959e2fb37f104890aa463464b604edeb2f0786eb5abc35ed9e78ee981c040249	644	a-canonical-contract-shared-lib
file	services/connector/src/db/migrations/006_connector_revision_lifecycle.sql	tracked	818f626f85dcbea9fd9c1a4759b8dc94116a3d00b5afebbc34de62397d3ecb3b	997	a-canonical-contract-shared-lib
file	services/connector/src/db/migrations/007_connector_credential_source.sql	tracked	748060a06b360e76449d95c9ed82acbb04deeecf0942dc74678bfbe37f33c7a2	736	a-canonical-contract-shared-lib
file	services/connector/src/db/migrations/008_connector_revision_binding.sql	tracked	9534f205fc3ce489b015c2bbef4a1b5e4cf100d319d5be963705d96920ac1a66	9106	a-canonical-contract-shared-lib
file	services/connector/src/db/pg-client.ts	tracked	24cdc7291bd260e03afda22d6beef2df3e0bc30af6559126984f03e46ad17d93	3554	a-canonical-contract-shared-lib
file	services/connector/src/db/repository.ts	tracked	723424c72324cae1fc08ec0f2673ac223e9a008f93fe28860ee0ab275de1d41b	32528	a-canonical-contract-shared-lib
file	services/connector/src/db/sql.ts	tracked	1413699983bb39832cf5abe364c7ba48b4c8d6f23542d3fd99c312d9e3a9d2e2	372	a-canonical-contract-shared-lib
file	services/connector/src/db/usage-outbox.ts	tracked	bf33a75f9c03493b901c86ce4de004aa52d6372fb9fbee20c8a891e2c646dd9c	3783	a-canonical-contract-shared-lib
file	services/connector/src/entrypoint.ts	tracked	905afc1ab717640ff398394f3ca6921e50165856a3e7b5825ae29b8277c9f565	3353	a-canonical-contract-shared-lib
file	services/connector/src/errors.ts	tracked	0e3fd6dce66887cc10c70c9a8c78e700a8a26b007f772d6ab648e53ab6a5de01	1599	a-canonical-contract-shared-lib
file	services/connector/src/grants.ts	tracked	117ca0f19a33d1d2d88a27e99cf520968c5b64583a1c10590a22943d01bdb285	2231	a-canonical-contract-shared-lib
file	services/connector/src/hash.ts	tracked	9b88d361bc758318f4ef48b7ae423c4e5410654627bd9e36bb8c4d010e5c8ac2	1209	a-canonical-contract-shared-lib
file	services/connector/src/http/server.ts	tracked	5695e3928f6816196b2e035ce45926eaa4ec3ee0ea9b154796358cb68a317425	20364	a-canonical-contract-shared-lib
file	services/connector/src/identity.ts	tracked	7a24dee99a225eb34b9f66cb72e8f30982abcfa2a8a683ce3e96073e17d74a01	2521	a-canonical-contract-shared-lib
file	services/connector/src/index.ts	tracked	45122b1e68ee255fbca0a9af8922d38f14d623dbfa2bb5ed2dae75c5eaae4a32	939	a-canonical-contract-shared-lib
file	services/connector/src/invoke.ts	tracked	2da85766c1e09ddf654c4f4ed9c40cbdf484f7a596af4741bac073b11594070a	27379	a-canonical-contract-shared-lib
file	services/connector/src/ledger.ts	tracked	e64de585712361fb370790479efb01cb70302d0cd88dd678f325c095ad518801	7096	a-canonical-contract-shared-lib
file	services/connector/src/lifecycle.ts	tracked	2954ba88b5904c97cf5c74b930d914cd3c88c34a9ea50981ecbd440a088a41bc	3988	a-canonical-contract-shared-lib
file	services/connector/src/quota-redis.ts	tracked	e9ff43684fbef79f68be6a0e374070fbbf8b8f5dfcb874ad8a9717c3f9280d27	2907	a-canonical-contract-shared-lib
file	services/connector/src/quota.ts	tracked	d6e715d0b0cf6e5c592a17fe8976720e92e03086a819033e8902c54963e401d3	1319	a-canonical-contract-shared-lib
file	services/connector/src/redis-client.ts	tracked	87c7f2c94ef6ba8c464cf8ff3b32084f9e5e0c7bc555fe1cce18fffdc291b2ab	833	a-canonical-contract-shared-lib
file	services/connector/src/services.ts	tracked	b73ff4764d01fa4824857ea5b6b83cb666f2000c387416743b28db2380ee943b	19826	a-canonical-contract-shared-lib
file	services/connector/src/types.ts	tracked	302a84db2d4cbb14bcb09e2b45ac82dfbd2dab33fe0a28d93991169ee40f5e6b	6203	a-canonical-contract-shared-lib
file	services/connector/src/usage-dispatcher.ts	tracked	58c58e3c137fff72b79b16292bf13cbf76fa496a29bd66c220eb3636b8f3782c	6901	a-canonical-contract-shared-lib
file	services/connector/src/usage.ts	tracked	0b0775f3d96237bcd6847c6d9837432ae66b7e8f89a2a07963bddbd40d6c0608	1708	a-canonical-contract-shared-lib
file	services/connector/src/vault/resolver.ts	tracked	e200581601f72c0a862e43acc3a4f6673c38d48c96976bc26329efb567180a1c	8410	a-canonical-contract-shared-lib
file	services/connector/src/vault/token-renewal.ts	tracked	51f6670c2cb84e1d52a9f6fb52d81720607c82d53227719d936b87e8bca4a660	7315	a-canonical-contract-shared-lib
file	services/connector/src/webhook.ts	tracked	6eb87c4c8b0fc76a48c7b69214a66df9abf1a976443b4cc0cd52f1e6b14163d4	2608	a-canonical-contract-shared-lib
file	services/connector/tests/black-box-durable.test.ts	tracked	197e853ccd7981a97163d41ebd9ea94fb5a4cb77e62256b224e5253d91ade160	20694	a-canonical-contract-shared-lib
file	services/connector/tests/canonical-hash-parity.test.ts	tracked	a3765a94a9ef786c15ba576e3bdc3dbbdda3005748cb28150074ce244413a9f1	2206	a-canonical-contract-shared-lib
file	services/connector/tests/composition.test.ts	tracked	ba917aaaa80e882a62095057cac6cbc9e2bc6b4c00e22048e69f011f6ae9d3cf	3514	a-canonical-contract-shared-lib
file	services/connector/tests/connector.test.ts	tracked	0c36519426b82a3bb433d6d016cefd7852f941680165f19ffddc65f682cd100c	26885	a-canonical-contract-shared-lib
file	services/connector/tests/durable-integration.test.ts	tracked	e45077578d150b57a7ad706cac9dca8a716c2ddcb5fdef63e255ffbec4eb5365	1449	a-canonical-contract-shared-lib
file	services/connector/tests/gsec-redaction.boundary.test.ts	tracked	984e36a1b5f6a23f29e7fa5835790273f6e3f3f72fcc2c8b6ef055aef0380b0e	3032	a-canonical-contract-shared-lib
file	services/connector/tests/invocation-access.test.ts	tracked	d9151090e31335d3468666464b23c16e26b7fb802b0173c41db07b4c6ccee3a6	3160	a-canonical-contract-shared-lib
file	services/connector/tests/mock-provider/provider.test.ts	tracked	b82e4d5c3c056778b96dd73e77a00e6ba3dfa490ce947651f236098e462d3923	581	a-canonical-contract-shared-lib
file	services/connector/tests/mock-provider/provider.ts	tracked	3d258b4e62785972a634c08649e600da06ac9a55279c73f4d5700cd079cc175e	1020	a-canonical-contract-shared-lib
file	services/connector/tests/network-boundaries.boundary.test.ts	tracked	faca17debca664fc162a6ce0e134e83017ea0878645a5875b4f32289d8ab4b82	19431	a-canonical-contract-shared-lib
file	services/connector/tests/p745-options-passthrough.test.ts	untracked	0d82c3057939adc7ccc365cee9e11bfa345006a07c46d2eba5244e3bedb11729	4101	a-canonical-contract-shared-lib
file	services/connector/tests/p745-session-leg.test.ts	untracked	ef0ef0d595832550635db402c8e8ebe19da293ee627936902f522d8d8b303316	10241	a-canonical-contract-shared-lib
file	services/connector/tests/p8-03-convergence.test.ts	tracked	0da9ce2b89130c9e82230cb873fc32498f789eb29c89d7887a8a90d93383f0c0	31422	a-canonical-contract-shared-lib
file	services/connector/tests/provider-rejection-diagnostics.test.ts	tracked	7e7736066ad14cea2c354a952e27dc8a16b93021021463047c54e36ef6c77170	9551	a-canonical-contract-shared-lib
file	services/connector/tests/r1-d-03-mock-provider-reconciliation.functional.test.ts	tracked	43baa0b6bd3b9f1df5cd55c8023ae390d6a75eb858093474493f439b39ae9302	29049	a-canonical-contract-shared-lib
file	services/connector/tests/r1-d-lifecycle-offline.test.ts	tracked	592c391d57b3deed6a4934b99faabe3b3ce5e0f8d568aa04254d52894330ecc9	34345	a-canonical-contract-shared-lib
file	services/connector/tests/reliability-security.test.ts	tracked	a31616d222177a25979bf8c0a4db6123f737c2ea6a9da2ae43158ae8b11efd2b	10502	a-canonical-contract-shared-lib
file	services/connector/tests/retry-signal-passthrough.test.ts	tracked	f5d227903a0873c2ebd1409f21b77e41def6b5016d4beac36ff22712ee7bdfeb	6279	a-canonical-contract-shared-lib
file	services/connector/tests/revision-binding.db.test.ts	tracked	03c782cdc58510c1ac7106276b53c782160c805d6f24cd34cac11087805a1073	30633	a-canonical-contract-shared-lib
file	services/connector/tests/revision-binding.schema.test.ts	tracked	df0a705c2a673e3cd9ccb748fbeadd3bedcd1cf09919b28b2e674836a46d9e84	4640	a-canonical-contract-shared-lib
file	services/connector/tests/runtime-foundations.test.ts	tracked	53863b9a7e2590cbcc7c5ba9870bfcdf4685b9981962be8e6097bc90916e4bc7	8802	a-canonical-contract-shared-lib
file	services/connector/tests/secret-resolver.test.ts	tracked	c44fe9b1e6ebdbc3b01add2f7a113f569efdddc3b0a44dde303fc0b27d3c1833	15881	a-canonical-contract-shared-lib
file	services/connector/tests/security-lifecycle.test.ts	tracked	6856e2b4cd28b7f5f52915a6248e2fea75d88da70fe20594b210e4ecdbaaa992	11239	a-canonical-contract-shared-lib
file	services/connector/tests/service-auth.test.ts	tracked	aeddf7e8e6ad7c145d320248b7d7729aa259e3dbe0ebf3301c9f22960270d934	2704	a-canonical-contract-shared-lib
file	services/connector/tests/token-renewal.test.ts	tracked	95680a0877c1f6205f8aa9574084ef572e3e53bc73d550c2bfbb0d8fed1c9dda	8672	a-canonical-contract-shared-lib
file	services/connector/tests/vault-account-isolation.test.ts	tracked	4f9c06583e92fd206f7fa626bb9932023c66e528a4bfca62bb8d8531a96bc52e	8987	a-canonical-contract-shared-lib
file	services/connector/tests/vault-bootstrap-offline.test.ts	tracked	12b69cc852c6e8acb83fa585beff23de55f4d5e75c774f7c5985ecb85d33b5c9	13411	a-canonical-contract-shared-lib
file	services/connector/tests/vault-machine-policies-offline.test.ts	tracked	2539f277d6467d6949a6de157ec4ec8296bed015eff926e2a5a906fe9efa1f6f	5182	a-canonical-contract-shared-lib
file	services/connector/tests/webhook.test.ts	tracked	4fbeea151a8297403494be6c02da6e118f5312dcd170c5e20c5dde2feb4190d4	2747	a-canonical-contract-shared-lib
file	services/connector/tsconfig.json	tracked	bc57a35947bf3334783a76cbca5875dfbe1835ffd54851e8de9e15cc81342257	414	a-canonical-contract-shared-lib
file	services/orchestrator/CODE-ARCHITECTURE.md	tracked	ff1b47f97c701a621709fc06d6163791ece8d334884e7204e5619a96392df1fd	10262	a-canonical-contract-shared-lib
file	services/orchestrator/Dockerfile	tracked	e2eaaa9bb34cd86d85a9f622c2380028d0a9ff5d5579a39d73c10dc58be4b48c	2743	a-canonical-contract-shared-lib
file	services/orchestrator/README.md	tracked	2b5984ecd1f5d563a9ae8db5bfc7117e560a62dc90391a4ad00562b74f9ee620	5511	a-canonical-contract-shared-lib
file	services/orchestrator/coordination/reports/raw/vfy803-pg16-install-adversarial-view.txt	untracked	db3f77f199b34f15f007a80896314a307171da4a7a4ee02a37035bcbc7966ca1	166	a-canonical-contract-shared-lib
file	services/orchestrator/coordination/reports/raw/vfy803-pg16-verify-count-mismatch.txt	untracked	5d4873495fa1925c1de62b76b618b0ff15c071b58edcdaeecf5ccabc5971153f	516	a-canonical-contract-shared-lib
file	services/orchestrator/coordination/reports/raw/vfy803-pg16-verify-good.txt	untracked	195242a606db6b981100794513743c6be8e77e625ab0fde8f38f102a9eddd857	433	a-canonical-contract-shared-lib
file	services/orchestrator/coordination/reports/raw/vfy803-pg16-version-and-ledger-count.txt	untracked	e32b0b1a6b23d5a5ada8721de21e7e673c9d2bd4d93dc8ed04857052dadccfa8	125	a-canonical-contract-shared-lib
file	services/orchestrator/docker-compose.yml	tracked	a68bc41752fe258793519f5a34355c5a6720d8ab0b6aed859b4cd73272f8138c	94	a-canonical-contract-shared-lib
file	services/orchestrator/jest.config.cjs	tracked	162fc75bccf7960960273725fcf8b46fb93ab70f30bd20dc3ea0eb27319cf8fd	291	a-canonical-contract-shared-lib
file	services/orchestrator/jest.unit.config.cjs	tracked	027032b21948140175b7880769addeaec51ca68623bb277133c9f207b45c92a0	968	a-canonical-contract-shared-lib
file	services/orchestrator/migrations/0001_platform_v1.sql	tracked	1dd3bac7a9f87f9dfa21cdb18352e18671fae3b1d1782e4212a93c60e1333973	6336	a-canonical-contract-shared-lib
file	services/orchestrator/migrations/0002_usage_events.sql	tracked	6822e2b7957990b43bbbeac6b37f3dd37375c6dfee128f7fb9bfd2ef9c4d6d7e	426	a-canonical-contract-shared-lib
file	services/orchestrator/migrations/0003_artifacts_grants.sql	tracked	aecf20fddd6a1bfbf3ccac6e81e8360dbfcf92aa05d57968f4a891b090e25898	1794	a-canonical-contract-shared-lib
file	services/orchestrator/migrations/0004_profile_bindings.sql	tracked	02d599aa941d383576d74de94273a586aece20990fb0aad0119e68d222817947	1823	a-canonical-contract-shared-lib
file	services/orchestrator/migrations/0005_continuation.sql	tracked	7ce69974f626924ca5c63325b18de33f779aaba4a97549b39dfbcf6c0fcbdf22	1385	a-canonical-contract-shared-lib
file	services/orchestrator/migrations/0006_active_version.sql	tracked	e80beba700c6a0a2428c3fde9bbdf5456d272ad7c58a591784cd27dc87aa4ee3	1151	a-canonical-contract-shared-lib
file	services/orchestrator/migrations/0007_webhook_deliveries.sql	tracked	e49325aef189edd47e22aa3403d1dd70780b0eaa65a95bd2c96accaa8d1dc408	1772	a-canonical-contract-shared-lib
file	services/orchestrator/migrations/0008_artifact_grant_fencing.sql	tracked	7d0c734e620a706bd56d5a0e0ea1698438b5f5a7c97f8e1f3f3344104c144ecd	469	a-canonical-contract-shared-lib
file	services/orchestrator/migrations/0009_operation_submit_artifacts.sql	tracked	e9942fc6e61f27f09e0a4acd0f0b44a76d9ec7f193adb10196e35ea16e44af52	812	a-canonical-contract-shared-lib
file	services/orchestrator/migrations/0010_admin_audit.sql	tracked	0b670947180560a0375f711cfcdc0e3f0dd5c2e371e1393914bf1fd8d8a22131	2554	a-canonical-contract-shared-lib
file	services/orchestrator/migrations/0011_artifact_finalize_epoch.sql	tracked	75adbf5363525aa86607230650debf776390b09024449f4170f1be091717f40b	230	a-canonical-contract-shared-lib
file	services/orchestrator/migrations/0012_admin_idempotency.sql	tracked	9e4a1142753ad3b9fe66c8c39bfd2fb7e635f2075ef0714827d37bbe54f2fbef	1448	a-canonical-contract-shared-lib
file	services/orchestrator/migrations/0013_artifact_storage_version.sql	tracked	d28637607d7a1953f5704de631f0ecbc5872384c88aa92d36df4106c46b0ceeb	646	a-canonical-contract-shared-lib
file	services/orchestrator/migrations/0014_artifact_declared_filename.sql	tracked	160d88a3160ed22df416c13f5cc8a93c4962eeac9b9dde8df7ecc102e75e277d	266	a-canonical-contract-shared-lib
file	services/orchestrator/migrations/0015_artifact_multipart.sql	tracked	41a797d29ce1f54e06ea2f76ebc61eba2a3ffeccf51e5dce17e629f27bec4121	3541	a-canonical-contract-shared-lib
file	services/orchestrator/migrations/0016_public_upload_token_index.sql	tracked	34628c723c5bf80de0f8d07506276d23e384324265a47012e1df1d0aa29f2d15	724	a-canonical-contract-shared-lib
file	services/orchestrator/migrations/0017_operations_keyset_index.sql	tracked	8588af12614cec4e07bbcb3c3a067f170a790517587d8303212c41434d5ac00a	2144	a-canonical-contract-shared-lib
file	services/orchestrator/migrations/0018_operations_sort_keyset_indexes.sql	tracked	dd3e60c7828ec64c2e967e8f63066b6dc8df2a9bba5b7e3f32880e3006a54600	3058	a-canonical-contract-shared-lib
file	services/orchestrator/migrations/0019_operations_deadline_coalesce_index.sql	tracked	8554cbbac49325a487ee2fb0f028044219d8ccffad5c3914c78bc09979b41529	5129	a-canonical-contract-shared-lib
file	services/orchestrator/migrations/0020_admin_crypto_config.sql	tracked	e424084c52ef66c4005353a42abb779e834686b221a9226b7af7a34e74c9896d	664	a-canonical-contract-shared-lib
file	services/orchestrator/migrations/0021_admin_list_sort_timestamps.sql	tracked	437ba45c9ff66718df48597ed88665ec8d46907fbda009cd08be9522e266a026	1511	a-canonical-contract-shared-lib
file	services/orchestrator/migrations/0022_budget_reservations.sql	tracked	e2192b37a9ac06b03aa39871f87d7d4b591ce239efae76ffb38149b098496d10	2653	a-canonical-contract-shared-lib
file	services/orchestrator/migrations/0023_admin_local_users.sql	tracked	4fa9f8cb03a9ca3e35cea00c1ca57e7bf0e04dc2c36acb2cb3fe2f0bd6925d09	1233	a-canonical-contract-shared-lib
file	services/orchestrator/migrations/0024_legacy_parity_columns.sql	tracked	99b61459f9dd33595378e287e0b401a18bbb923320ab2f5b4b42cfc5cb3e2c57	4480	a-canonical-contract-shared-lib
file	services/orchestrator/migrations/0025_artifact_manifest_version.sql	untracked	2b8b64cbb69ee7f5fd9c49a5e7bfb6a30ccfd8058940f4423b13184f5e81c4d1	235	a-canonical-contract-shared-lib
file	services/orchestrator/migrations/0026_profile_policy.sql	untracked	b98615f802af4f20ff7db83039d14525e600d5d53a13e94be298ce40f2302d72	9720	a-canonical-contract-shared-lib
file	services/orchestrator/migrations/0027_profile_active_pointer.sql	untracked	ec28dd7cfbbefcd49e46f62ee23fcfc5662097232fd4c580446c9f956111fbdf	4129	a-canonical-contract-shared-lib
file	services/orchestrator/migrations/0028_profile_name.sql	untracked	5289210ac79726cc5f02a7095a65db8c23d66de65bcbb4772f29d200e51c206b	1645	a-canonical-contract-shared-lib
file	services/orchestrator/migrations/0029_audit_actor_principal.sql	untracked	96c03d2b5c06f3297cd87bd0ac0a66017129e12f7b6dcbe455b499af9f6c9c44	724	a-canonical-contract-shared-lib
file	services/orchestrator/migrations/0030_prompt_revisions_pin.sql	untracked	3709a5d4df0e3f8bf3021aca39ebe84f9818118af1c418490f095f67b2016625	1102	a-canonical-contract-shared-lib
file	services/orchestrator/migrations/0031_prompt_overrides_ref.sql	untracked	3bd0abe39f69fa2cdab2ed52b9c85378fc1fda18c25cde3962000635e5b26ec5	913	a-canonical-contract-shared-lib
file	services/orchestrator/migrations/0032_checkpoint_session_ref.sql	untracked	69a9cc6bea5df9a999546ab5bb98a43ee1a1a0c3835be5d7e8c6aee72788e55e	142	a-canonical-contract-shared-lib
file	services/orchestrator/migrations/0033_profile_request_redaction.sql	untracked	f1ccaf06b540e0b37a7d9a227b7109847fb8059afce840935f7590c33377f815	181	a-canonical-contract-shared-lib
file	services/orchestrator/opt-perf-01b-ingress-concat-bench.cjs	untracked	1a9849034720da9ba55065d4fb177e6d6c7d83dca9b18d7b5bc34402ba80f124	3939	a-canonical-contract-shared-lib
file	services/orchestrator/opt-perf-02-crypto-chunk-bench.cjs	untracked	6082f5bf71f747b52187fe9c6d8ddb0ba1d629263a66974bacbc5796f712ab26	13733	a-canonical-contract-shared-lib
file	services/orchestrator/package.json	tracked	d39968323e57031151656c6bdb0e21925a2c702ce31d1df449c7c3c456bc3fd5	1567	d-infra-ci-docker-compose
file	services/orchestrator/src/app/admin/admin-auth-mode.ts	tracked	16fbbdb9fd407fc51d16a302eea5b038612f902a1143e6645cf2c8167012583a	1770	a-canonical-contract-shared-lib
file	services/orchestrator/src/app/admin/api-key-section-data.ts	tracked	8458b721f57857f336d6090be0f330ef7bda521b143df19e636d465b48e3fa54	16674	a-canonical-contract-shared-lib
file	services/orchestrator/src/app/admin/api-key-section-renderer.ts	tracked	62e043e5c6ad44a294b7cff3e6534d95ec88a5be7fa9edd4fa71e6bf3d66687e	16532	a-canonical-contract-shared-lib
file	services/orchestrator/src/app/admin/api-key-view-models.ts	tracked	d9985c2728c93fcd00c7f1158d2bae2e4b3139cddd433178b65106d36de5002c	10725	a-canonical-contract-shared-lib
file	services/orchestrator/src/app/admin/audit-section-data.ts	tracked	47fd74a1db61fcb0d02051a2caede10000270f10ede302e2eec659125ee27bb0	22613	a-canonical-contract-shared-lib
file	services/orchestrator/src/app/admin/audit-section-renderer.ts	tracked	d473341fc425da566b9d762c21e28204513e66b01cfb795aec2889f223121ea3	21058	a-canonical-contract-shared-lib
file	services/orchestrator/src/app/admin/auth-dispatch.ts	tracked	ffc99ec1f6558b66f97b8a1e42645d3546b4723de1ef3b1dee8b03339e296ab8	12408	a-canonical-contract-shared-lib
file	services/orchestrator/src/app/admin/bff/body.ts	untracked	2b83d99549ec3fd4c4f564e2a37c1a9a80b54565d2da742c53989295d2bd5b7a	1011	a-canonical-contract-shared-lib
file	services/orchestrator/src/app/admin/bff/context.ts	untracked	d15d651575d1e2f543c39dca3d4b702bf27a9e693fbf58f936fadbc5a25aeebd	4398	a-canonical-contract-shared-lib
file	services/orchestrator/src/app/admin/bff/envelope.ts	untracked	fc7594da5d0894d231ee9f8bae9dc8f2ce744604abaeba9e7e23543c35e06edb	3242	a-canonical-contract-shared-lib
file	services/orchestrator/src/app/admin/bff/handle.ts	untracked	07199a0b41d1aa702a02cfbf50c571df3b7a85d821f99c213bd93a4ff14f84f8	19757	a-canonical-contract-shared-lib
file	services/orchestrator/src/app/admin/bff/identity.ts	untracked	038234bf4025dff218f93b16219c2fb363e725c1efe67483c431d7fd30ecf47b	8876	a-canonical-contract-shared-lib
file	services/orchestrator/src/app/admin/bff/operations.ts	untracked	2d9ca5dd198e54c4ea66cad6787b373fe460cf212ad7cf28be7acb885446ab61	8969	a-canonical-contract-shared-lib
file	services/orchestrator/src/app/admin/bff/profiles.ts	untracked	bbb412c25ee803d0d829e756f99bbfe66535839fec6aac1959e8da8ddaef2adf	10303	a-canonical-contract-shared-lib
file	services/orchestrator/src/app/admin/bff/security.ts	untracked	67f1c2300b1708800c658fdafb9d2ad8c5c0242ea3c2479cb827de16562f84d1	5657	a-canonical-contract-shared-lib
file	services/orchestrator/src/app/admin/bff/settings.ts	untracked	72bbfd01f33f43b21718e63625ffec9eee9c9246a86d32c1b691487475545f8b	6982	a-canonical-contract-shared-lib
file	services/orchestrator/src/app/admin/bff/types.ts	untracked	bf204d7b6bd848e0447da2023b2113310d146d7471e55821aa1085603ac39d7b	165	a-canonical-contract-shared-lib
file	services/orchestrator/src/app/admin/bff/upstream.ts	untracked	f951b3b37c5f1f52fd7723604309432e87c9341f7675aa92f20ae905ee5b4bee	6943	a-canonical-contract-shared-lib
file	services/orchestrator/src/app/admin/business-section-data.ts	tracked	2165554275effaac9f90c1018154307827b39baac7581fcd383f88f9cdc5ea21	13189	a-canonical-contract-shared-lib
file	services/orchestrator/src/app/admin/business-section-renderer.ts	tracked	57a6f43557ac9d1bdf51b45bf1f83dbb0aa8996add311ac102f1be6c0f370209	18142	a-canonical-contract-shared-lib
file	services/orchestrator/src/app/admin/business-view-models.ts	tracked	3686b6cb5340283951ec0e377d3989a8cb2feafb85390677274bc11b6f1bb678	20173	a-canonical-contract-shared-lib
file	services/orchestrator/src/app/admin/connector-section-data.ts	tracked	a765ca4e951d1ea01bb63315b2f74eb79c408ff96df7edc90446a982de71bcf2	18378	a-canonical-contract-shared-lib
file	services/orchestrator/src/app/admin/connector-section-renderer.ts	tracked	543f38561d17aaf43b46356074bfebfd6487803a9e97dc6142c2a8d0cb903f4a	19589	a-canonical-contract-shared-lib
file	services/orchestrator/src/app/admin/connector-view-models.ts	tracked	f2b38df3c4e01ecc106e0f1a0bdac198059dd11a477e5ffba6877e4bfb60c142	11721	a-canonical-contract-shared-lib
file	services/orchestrator/src/app/admin/crypto-config-api.ts	tracked	0911c554f48611b2d9ec6cd1857512dce28915ab5cfba70755c6ed1835dfa55b	14431	a-canonical-contract-shared-lib
file	services/orchestrator/src/app/admin/crypto-config-dispatch.ts	tracked	4f46f3dbd7d6dceb5e680e0af25903f603949b0569d9fe3213021b69cf2ec2cc	11507	a-canonical-contract-shared-lib
file	services/orchestrator/src/app/admin/crypto-config-index.ts	tracked	dd1b3c74e893473347cbbde5c30d74e20b293bb36d246a081083c06d9634a66b	1155	a-canonical-contract-shared-lib
file	services/orchestrator/src/app/admin/crypto-config-renderer.ts	tracked	233f185ede3f302e59fb17f3ca54b4f10be9bbfb85f6c0a5c319eddfef9a0b2b	8103	a-canonical-contract-shared-lib
file	services/orchestrator/src/app/admin/crypto-config-store.ts	tracked	bdb01238e84793269ef1cf44d9689cfcf07542f189f9d881c4cc998fc43e79b6	5840	a-canonical-contract-shared-lib
file	services/orchestrator/src/app/admin/crypto-config-view-models.ts	tracked	707f742ab8e462cc4f822c306bb872798bfb6dd68021131f0cc63b13daf8816a	7308	a-canonical-contract-shared-lib
file	services/orchestrator/src/app/admin/index.ts	tracked	fbb5764e66985b0f0da49161740c6381279614a999dfb72e9323fdb1c74bcec8	4184	a-canonical-contract-shared-lib
file	services/orchestrator/src/app/admin/mutation-dispatch.ts	tracked	06ce26c7ada4e23b2f0fcbcadb478213cd71e474d8eeb15dd3079089a4c1de24	6235	a-canonical-contract-shared-lib
file	services/orchestrator/src/app/admin/oidc-boot.ts	tracked	7e9d5550cefe48b6d44b2d4701a950d2000436bcb786ee5263ab93a6efe7fe68	12117	a-canonical-contract-shared-lib
file	services/orchestrator/src/app/admin/oidc-flow.ts	tracked	b6650f453fad51cf20626d55eae9a6fb4d3de4548ced7ff9bae81e4739e2fbc1	12417	a-canonical-contract-shared-lib
file	services/orchestrator/src/app/admin/operation-section-data.ts	tracked	78a058d5cb141c35e1de2fd0009d0547c12b9d3d87afd21749216bf2eb6fefa9	48202	a-canonical-contract-shared-lib
file	services/orchestrator/src/app/admin/operation-section-renderer.ts	tracked	9dac9f477f2c7af0330ee647b54aae2ed2a646f42a95466262af472583009ab7	39797	a-canonical-contract-shared-lib
file	services/orchestrator/src/app/admin/operation-view-models.ts	tracked	8630532597fe3134e764eeed5b16005179e087355da843ed0400c3649a69935b	17044	a-canonical-contract-shared-lib
file	services/orchestrator/src/app/admin/overview-section-data.ts	tracked	2499d1652502018214fe837b9996e634c09cb8cf8a7ddb077c71c277b7615052	29268	a-canonical-contract-shared-lib
file	services/orchestrator/src/app/admin/overview-section-renderer.ts	tracked	bb33617084141b037fd9859f4b8acaaaaacd045277d6f7b4a0f0523d20bb5d98	18541	a-canonical-contract-shared-lib
file	services/orchestrator/src/app/admin/overview-view-models.ts	tracked	a274302ae1ba2224e9d9fdcb7b1865892efb71a4f81c78b9cf76061d7f2420c6	16344	a-canonical-contract-shared-lib
file	services/orchestrator/src/app/admin/p6-01-shell-fixtures.ts	tracked	7e5fa4e11b9c4a062e06b12e211f74fc4d8522294ad143aaf3b71c1440fdf590	12820	a-canonical-contract-shared-lib
file	services/orchestrator/src/app/admin/profile-section-data.ts	tracked	eeed10a6858c9ed667a3052e43edeffb382f29fa107c46204cfce213b8c36491	22802	a-canonical-contract-shared-lib
file	services/orchestrator/src/app/admin/profile-section-renderer.ts	tracked	af306f043bc526e209d24cea0b398db4a811af3d325efad58cc15b16e0ba4da1	21062	a-canonical-contract-shared-lib
file	services/orchestrator/src/app/admin/profile-view-models.ts	tracked	b8eaab8998536fd55b816fa44cb0da00954e4bdefa5313a102e5bf5938093da9	17556	a-canonical-contract-shared-lib
file	services/orchestrator/src/app/admin/section-dispatch.ts	tracked	c839928154b614ccb8ffe06671d8d2b29e669e945e5c4739269f00e0d26c75a6	21996	a-canonical-contract-shared-lib
file	services/orchestrator/src/app/admin/shell-auth.ts	tracked	226bce30a7a16ffc10a902bbae7fb889ad798e2481556925c7cb5444f54f9259	8107	a-canonical-contract-shared-lib
file	services/orchestrator/src/app/admin/shell-render.ts	tracked	25b80edf35f8f34af37c0a4dfcc5fb82a998e446224952e1250293762487904a	53321	a-canonical-contract-shared-lib
file	services/orchestrator/src/app/admin/shell-router-shared.ts	tracked	7a13f47baac6bb0b6013ee934d62a6e641c6c88864761de0e36e637c35d4c065	16412	a-canonical-contract-shared-lib
file	services/orchestrator/src/app/admin/shell-router.ts	tracked	8a69fb00baf31b83d06f8485fe234a5336262b7cbb29f2b737a04a741a9ed6b5	17049	a-canonical-contract-shared-lib
file	services/orchestrator/src/app/admin/shell-server.ts	tracked	a3261ba2e72da28e03a64184a5dc0b623f0c25e32abe76d2c6a31c575573beb9	39162	a-canonical-contract-shared-lib
file	services/orchestrator/src/app/admin/shell-types.ts	tracked	5419bdc085719e221c98421541f7bcd11e4f1c9fa6f55fb5cd0082e5b31074e3	5321	a-canonical-contract-shared-lib
file	services/orchestrator/src/app/admin/types.ts	tracked	e4528f469155ba33ee82ba0eaa17169077dcabb39055a2f574842819569e47ba	11846	a-canonical-contract-shared-lib
file	services/orchestrator/src/app/admin/upstream-error-body.ts	tracked	8959ef6758418772595543f41fe5c83cce4784a2c4688b87eb75079f1c51b14f	1881	a-canonical-contract-shared-lib
file	services/orchestrator/src/app/admin/view-models.ts	tracked	b3b91a3936947afb84942c90cd16e18b66d0e4dd6c96ff8678ed0258d8fab0e7	13848	a-canonical-contract-shared-lib
file	services/orchestrator/src/app/bootstrap/create-app.ts	untracked	a3503f7c02f7888aaef0f00e74f970a613f09a09fffe84553dcea0ec827669ad	49628	a-canonical-contract-shared-lib
file	services/orchestrator/src/app/bootstrap/crypto-wiring.ts	untracked	81d02d4fa6d8e352ad47ed72427e75853e6f598cfe2be0707f7d62fb7943be49	6602	a-canonical-contract-shared-lib
file	services/orchestrator/src/compat/legacy-action-router.ts	tracked	e03f6c8ab630a3705fb833add52acee6308787ad5b4dd40b689d88fdf64f06b4	18424	a-canonical-contract-shared-lib
file	services/orchestrator/src/compat/legacy-envelope.ts	tracked	154f7d2bb48d4c8934a42098d9ad1e8392bab811f5b6da5e147cc8a6c86aecbd	8209	a-canonical-contract-shared-lib
file	services/orchestrator/src/compat/legacy-form-bridge.ts	tracked	e7d688fb34c2bbb23bf85ac080a2243340b98ecdbea4218f066262ac95ad6f8f	3933	a-canonical-contract-shared-lib
file	services/orchestrator/src/compat/legacy-headers.ts	tracked	271fb2808ec982889d986b74a484e84a2699b3c9192a9032d8a923e689577063	11297	a-canonical-contract-shared-lib
file	services/orchestrator/src/compat/legacy-host-adapter.ts	tracked	3432dec7734c9219498f84d81e1b3e48f963c57b272c54292746635b0f19155b	12475	a-canonical-contract-shared-lib
file	services/orchestrator/src/compat/legacy-http-mount.ts	tracked	4aeff966cc382d982dbfcceac4bc6dffe77ee9c4f7964dc4b2f36937c93940fd	28703	a-canonical-contract-shared-lib
file	services/orchestrator/src/compat/legacy-input-decoders.ts	tracked	ad9974dd9eede882ec68762678e1d4ee3148fa90e61bcd53fbae3c2889a083b4	20652	a-canonical-contract-shared-lib
file	services/orchestrator/src/compat/legacy-multipart.ts	tracked	618cb8885f226440219dda87bad359e721223e678a3df6e7759c44ba643eddc2	13209	a-canonical-contract-shared-lib
file	services/orchestrator/src/compat/legacy-operation-serializers.ts	tracked	624807f1a9a73be87497426fd14bf0a968b11a6c3c5be2a3b0b3e944f129a9db	10775	a-canonical-contract-shared-lib
file	services/orchestrator/src/compat/legacy-operations.ts	tracked	e6676884b91960a5a0d61d5f94c5a24b99c311f3702b5ec65a1b12eed1e2455f	8051	a-canonical-contract-shared-lib
file	services/orchestrator/src/compat/legacy-public-artifact.ts	tracked	59e80edcb97bf475e0aac47370232c6f321777aa2c462c5586ef36d38e655fcb	3523	a-canonical-contract-shared-lib
file	services/orchestrator/src/compat/legacy-wire-decoders.ts	tracked	a5a750963adafe9fa47a95cb4ea4185bc8902b1db9ba93ef4dd52b2c11f360d0	18428	a-canonical-contract-shared-lib
file	services/orchestrator/src/db/db.ts	tracked	40f01c50d2694c69ec110e0075d56b474620e08024d828aef67cc7aa8fc018d2	1376	a-canonical-contract-shared-lib
file	services/orchestrator/src/db/migrations.ts	tracked	593c7e80305979d354ebe5dae01fa43abede8d1c4338d03abf12782ab807f217	9890	a-canonical-contract-shared-lib
file	services/orchestrator/src/http/errors.ts	tracked	b4b3159406460364f1cb7d2024428dacc6805975cacb9f0efbdbcc73a4fce9af	4458	a-canonical-contract-shared-lib
file	services/orchestrator/src/http/ingress.ts	tracked	7d590cd034e21a45f3321a579f26f88b0c8b77d98eb5dd3703ec0b7594f40a6b	4645	a-canonical-contract-shared-lib
file	services/orchestrator/src/http/route-context.ts	untracked	848ea3a1703a369053b1cadbaeb8b60f6a21e186bd1b7760e3337b917f2856df	4932	a-canonical-contract-shared-lib
file	services/orchestrator/src/http/routes/admin.ts	untracked	bf77179f29cb35925e4ec263ea503605a132a25c73ceda66b88ab0e5617783ac	36710	a-canonical-contract-shared-lib
file	services/orchestrator/src/http/routes/api-key-auth.ts	untracked	354b2fb62dd2b720f635569d778422b776f68fe2c313ddb3b200dcc78c30cd50	1201	a-canonical-contract-shared-lib
file	services/orchestrator/src/http/routes/public-bounded-body.ts	untracked	884937dea358bcc331e8ddb4fc3737daa40b3e8eb4d340de74e45ef0b9bc34a0	1002	a-canonical-contract-shared-lib
file	services/orchestrator/src/http/routes/public.ts	untracked	ef1f74714aa2f4b972ad6db0bb4aab62f6e0401fe9cff2c943043989a7eea97f	33383	a-canonical-contract-shared-lib
file	services/orchestrator/src/http/routes/runtime.ts	untracked	8a4209f370b4bedca8c24c52ac5d1b08f7d5d59ee9ac72184f7c53d3a9ca5602	24341	a-canonical-contract-shared-lib
file	services/orchestrator/src/index.ts	tracked	7c04cccd7461106b7fcee2f471b4be25ce9d87205012b6209bd7b16099d2b416	5596	a-canonical-contract-shared-lib
file	services/orchestrator/src/log-collector.ts	tracked	b504a89482a26402260265f04e772261690e2616c48dea69c69156975c827292	3998	a-canonical-contract-shared-lib
file	services/orchestrator/src/main.ts	tracked	a5115bcbd75e19942977d770d9bc6360ab3104c73601b49ffdfb31fd5115b602	18007	a-canonical-contract-shared-lib
file	services/orchestrator/src/migrate-cli.ts	tracked	9f7a597d1ebbd12f8b3eed3c4bad2317d074993924ce7d9edc5c48b31ff50104	2774	a-canonical-contract-shared-lib
file	services/orchestrator/src/migrations-local-users-cli.ts	tracked	529e45a3d8f4c26b2d8ea30edec685b256728b5787d18851aa59385c493cd2cd	4583	a-canonical-contract-shared-lib
file	services/orchestrator/src/modules/admin-actions/dispatcher.ts	tracked	9808d0dbce80607c6511071ca37b5c2bcbd7f098096fe37e6cdd8331cf336b65	52728	a-canonical-contract-shared-lib
file	services/orchestrator/src/modules/admin-actions/profile-actions.ts	untracked	8bb9d69d7fbb4e0e7e886aeedad2895611cab6ee7b77aa996935293774a9682b	9745	a-canonical-contract-shared-lib
file	services/orchestrator/src/modules/admin-actions/rbac.ts	tracked	55fe5ee47a97955bc99733bf9433b376d9727ee860b13a0d53e4c3129ecda045	19723	a-canonical-contract-shared-lib
file	services/orchestrator/src/modules/admin-read/api-key-list.ts	untracked	22ae48ec127724860a9beffd86f678b07cbe2d7a530ed0a6f4a2a4b6649450b1	6465	a-canonical-contract-shared-lib
file	services/orchestrator/src/modules/admin-read/audit-list.ts	untracked	76f8ebeacf1ca6a20c6f65a77bab2c604628019537decbf3b91522d4f626b7a3	6766	a-canonical-contract-shared-lib
file	services/orchestrator/src/modules/admin-read/business-list.ts	untracked	f76333c559d09b4f218d6105248b6b4b4758528d046ffda97458b7a1754b4d72	4268	a-canonical-contract-shared-lib
file	services/orchestrator/src/modules/admin-read/keyset.ts	untracked	b6ee666a5f02ab67e6d92fa297613417ebdd96d4f32e24ccd9ada18bd2917e78	10964	a-canonical-contract-shared-lib
file	services/orchestrator/src/modules/admin-read/profile-detail.ts	untracked	5b195a518cae48d266ec95fa601185882164b796fd2be61e97c1077937bec5cd	5946	a-canonical-contract-shared-lib
file	services/orchestrator/src/modules/artifacts/artifacts.ts	tracked	c300297363d743d424e7eff1eb5ac7dd511cc1e93076b8c278f44b3c46c72cfe	32846	a-canonical-contract-shared-lib
file	services/orchestrator/src/modules/artifacts/integrity-scanner.ts	tracked	9c552cd262411631881809497a0f2e32d2500f503cd95da05a81783d182b6c08	15990	a-canonical-contract-shared-lib
file	services/orchestrator/src/modules/artifacts/multipart-service.ts	tracked	ef223d765a9e6b60a235e10b77710c0e92a8c18dadecc280adba8a4f6d63c04c	56759	a-canonical-contract-shared-lib
file	services/orchestrator/src/modules/artifacts/multipart-storage.ts	tracked	b4f5d80cf8e11aa1b943a35c0735da5c34f9ca8db51c3a18c859285fc1c63659	3184	a-canonical-contract-shared-lib
file	services/orchestrator/src/modules/artifacts/postgres-storage-facade.ts	tracked	bb769bc5d1dd97de82c0feb9b1c3554de6bb634cb5273752ceb5398b2a823284	2400	a-canonical-contract-shared-lib
file	services/orchestrator/src/modules/artifacts/s3-storage-facade.ts	tracked	b97cb8f23e009d2dcd1cd6356320261fef64c53f8c00ffde67f6a45c9310877c	35228	a-canonical-contract-shared-lib
file	services/orchestrator/src/modules/artifacts/storage-facade.ts	tracked	88da85dd04349246dacdaa24c1c721f5b4b342559a7764a746bed907c4a3c3a5	2592	a-canonical-contract-shared-lib
file	services/orchestrator/src/modules/artifacts/storage-migration.ts	tracked	a0ab34fda66f769dfb3a5d980426bd4942fbb12b6acdd71db488a922224f11a9	12292	a-canonical-contract-shared-lib
file	services/orchestrator/src/modules/audit/audit.ts	tracked	1076e2b36956a4cc1fa6500e6098d435740ca854cad7072e9246c1ca4b856080	7928	a-canonical-contract-shared-lib
file	services/orchestrator/src/modules/auth/admin-local/credential-reader.ts	tracked	6d1c62903dfb7a8f736a0d4b0810b779b8a9c8bc125cda5911faa677b0d09012	1953	a-canonical-contract-shared-lib
file	services/orchestrator/src/modules/auth/admin-local/index.ts	tracked	f8c5781aed4e2dfe6b08dfcce6cc4232aa52a60e2be7bb6236d3d2737d892fc1	481	a-canonical-contract-shared-lib
file	services/orchestrator/src/modules/auth/admin-local/password.ts	tracked	6d7975182c8172090f21e9e68d867faa5fd77263131485d8658c71b10513b4fc	1933	a-canonical-contract-shared-lib
file	services/orchestrator/src/modules/auth/admin-local/repository.ts	tracked	d510f51e7fa17be93de56b0f6a5f8fc7408a386e764b821c97786f48101d3328	11998	a-canonical-contract-shared-lib
file	services/orchestrator/src/modules/auth/local-primitives/authenticate.ts	tracked	68c198181152f717a16f39ffbb8dc7170d8a34a70b921ff6e00bbdbf6b46a6d9	3726	a-canonical-contract-shared-lib
file	services/orchestrator/src/modules/auth/local-primitives/index.ts	tracked	fbe7d18f8503242b7d0cf89c2ddf5a98f5f5ecf0bb5451260ccb4c7f87eef0f1	118	a-canonical-contract-shared-lib
file	services/orchestrator/src/modules/auth/local-primitives/login-guard.ts	tracked	1ec5b3da123c4697aaf16de83308ac5be466cdf48ff92bcbef18b4bf14322c1a	7510	a-canonical-contract-shared-lib
file	services/orchestrator/src/modules/auth/local-primitives/password.ts	tracked	b3c0976075341625a8bbda0683b4b2b7e1a8670d09b73de42964cc715ca0b017	3838	a-canonical-contract-shared-lib
file	services/orchestrator/src/modules/auth/local-primitives/session.ts	tracked	41298bf5edd5deb7efc66fe2e730227ae70dc5b53fb5c7603ce0ec8bad40ba52	4301	a-canonical-contract-shared-lib
file	services/orchestrator/src/modules/auth/oidc-client.ts	tracked	0c9eb1ba390cc816fb7f289625a3bf82ea1ff3d782dee52077952c2a9b1bfe8f	21889	a-canonical-contract-shared-lib
file	services/orchestrator/src/modules/auth/redis-session-repository.ts	tracked	e17f6128e92dd565f58695f94636ef115b7b2a9723f78ec066e671b3bb0e55cc	14102	a-canonical-contract-shared-lib
file	services/orchestrator/src/modules/auth/session-store.ts	tracked	7b64f1ad0b1821c7c467d8f1e6a14aadedc20b8533700a997b91a8b36d1871d8	12934	a-canonical-contract-shared-lib
file	services/orchestrator/src/modules/connector-credentials/compose.ts	untracked	401abe6204045046b2e4997325dce9a09a2d5769abf8e4dd3b10b3b0d007a79f	6752	a-canonical-contract-shared-lib
file	services/orchestrator/src/modules/connector-credentials/connector-http-store.ts	tracked	6cd185c443a7e77d184fa5efa50148c5134c1a452ac8f3d69dde10f267b27ffd	8330	a-canonical-contract-shared-lib
file	services/orchestrator/src/modules/connector-credentials/vault-kv2-writer.ts	untracked	f0a2b721706c491ffeae8dc39df4ade0830763fd4c1fae9ec20821a319473ddb	7093	a-canonical-contract-shared-lib
file	services/orchestrator/src/modules/connector-credentials/workflow.ts	tracked	496c08cfb83dcf3670cfd53d9c3700bcfe4bd6504c9d3ca586f6c0e699b42974	19382	a-canonical-contract-shared-lib
file	services/orchestrator/src/modules/connectors/connector-management-store.ts	untracked	eced6192cfef4c47baf82cbc1661a693b1baa66054f7b2e6f57a099a4aac222a	8898	a-canonical-contract-shared-lib
file	services/orchestrator/src/modules/connectors/connectors.ts	tracked	7b74b41b55063db52428b3b924cdb88c16bb701067644aa9104ae508d8f396ac	3585	a-canonical-contract-shared-lib
file	services/orchestrator/src/modules/connectors/probe-authorization.ts	untracked	cde6c9f1ab43cea5efdf266bddc719bc8c06a61e3d7270db2604b9fbae7fc332	1825	a-canonical-contract-shared-lib
file	services/orchestrator/src/modules/encryption/artifact-read-decrypt.ts	tracked	6c520f28b81c7314dad93e76a66d8a845a4f7b9325d42a473d53b5b00a0366e2	12240	a-canonical-contract-shared-lib
file	services/orchestrator/src/modules/encryption/backfill-metadata-cli.ts	untracked	f84386b3c5fea459c0aa569304b500157f987e69e425eaaf2158bd5cc84ecc33	8102	a-canonical-contract-shared-lib
file	services/orchestrator/src/modules/encryption/boot-options.ts	tracked	dddb574515f53cf31f1924e256e90255c794a9f8775c07aa67cdbf6951d9fe44	16259	a-canonical-contract-shared-lib
file	services/orchestrator/src/modules/encryption/crypto-storage-facade.ts	tracked	7a87aca7960d599603356ecd7f987caea0bbf7093983e95bb563f82091b0471f	35847	a-canonical-contract-shared-lib
file	services/orchestrator/src/modules/encryption/legacy-payload-migration.ts	tracked	f41ea3d80581cec8477413a859737e12d6ee2f9881cc89893e3b2547d9194544	52662	a-canonical-contract-shared-lib
file	services/orchestrator/src/modules/encryption/metadata-auth-counter.ts	untracked	68b5ea105c32c6b66756231ec0ae8acd58e6439f09ff9a51414b69d32d80e1bb	17430	a-canonical-contract-shared-lib
file	services/orchestrator/src/modules/encryption/metadata-key-adapter.ts	tracked	0eef381292961b1460448819c42f6efca78b45e398c411cc4152c875d68ed82b	2497	a-canonical-contract-shared-lib
file	services/orchestrator/src/modules/encryption/metadata-read-policy.ts	untracked	84e737ed408e627495c690e5b9969f95960d22c1919d4c2f94482848fc11ad2a	9209	a-canonical-contract-shared-lib
file	services/orchestrator/src/modules/encryption/metadata-window-control.ts	untracked	0652538cd23533cdffb11a751ef280593316217f887345ff3c43929e1b1c7d30	5173	a-canonical-contract-shared-lib
file	services/orchestrator/src/modules/encryption/metadata-window-metrics.ts	untracked	ba74891d4c760e286e6dc93d2805c14e042cefd124beb61ede3599f77607ff95	6726	a-canonical-contract-shared-lib
file	services/orchestrator/src/modules/encryption/recipient-key-registry.ts	tracked	d44a7e417f8cf9c21ecdff60ca4f1cf8d1f22f66c080cb931b1dbe700468016c	16600	a-canonical-contract-shared-lib
file	services/orchestrator/src/modules/encryption/vault-transit-provider.ts	tracked	2449f9226ed38d9629189cf0f9371910cf91a0dacf12573b270ddd51dd27ab99	14793	a-canonical-contract-shared-lib
file	services/orchestrator/src/modules/grants/grants.ts	tracked	c3382fe33ba1126b08caaa308e530235b31e2e4af549e9d0a24bea4da5c3a2d6	16621	a-canonical-contract-shared-lib
file	services/orchestrator/src/modules/idempotency/idempotency.ts	tracked	336fd233d5592c0e11a6f7ec48a2fa1492970dc36dcfd60a709bc116536fa3b5	6576	a-canonical-contract-shared-lib
file	services/orchestrator/src/modules/lifecycle/lifecycle.ts	tracked	0da69707e68bb70df20c80532ee6501c6f4d8d542a886f3dd2e59c8fed20ce85	5158	a-canonical-contract-shared-lib
file	services/orchestrator/src/modules/operations/acquisition-ref-resolver.ts	untracked	0d425d6d5263b3ea1f404bcc1a06c9bacd823e49be71cdd86ca09acfcb784750	12078	a-canonical-contract-shared-lib
file	services/orchestrator/src/modules/operations/facade.ts	tracked	34ea47ad07fa53d74a88ae3dcc9bc09314121e94c59175018c9f7c7fcb1d5957	3564	a-canonical-contract-shared-lib
file	services/orchestrator/src/modules/operations/ingestion-consumer.ts	tracked	1cec0b063e3394d767e830df1dffcf111ad92e8ff4f6c915d218fdadb50adbf8	36621	a-canonical-contract-shared-lib
file	services/orchestrator/src/modules/operations/ingestion-storage-s3.ts	tracked	5b5d04da432a21d757416f1128c23545ccfcf48983d76d7e367cddf97548d752	5381	a-canonical-contract-shared-lib
file	services/orchestrator/src/modules/operations/list-query.ts	untracked	a2a1487bcbd91df7c8498de722743cd3e999bbc919beda94b4cd3fc3d4156800	28819	a-canonical-contract-shared-lib
file	services/orchestrator/src/modules/operations/mappers.ts	untracked	35d77993690cdb154c0c76b2595761fd5b10d59e09503693339a1793a2d79b1a	7810	a-canonical-contract-shared-lib
file	services/orchestrator/src/modules/operations/request-redaction-worker.ts	untracked	3e5357c428524664928121efaa216022c4a5b653b241272a7bb58ced186d4ddb	1535	a-canonical-contract-shared-lib
file	services/orchestrator/src/modules/operations/request-redaction.ts	untracked	9bb5e12b9931a519a32bcb331e52711568581777d2997fae9f91ac353a2f192a	3154	a-canonical-contract-shared-lib
file	services/orchestrator/src/modules/operations/submission.ts	tracked	8f7da67223b02fc87c00ee75bd7464eace089dee95a6b1922880203435725725	53192	a-canonical-contract-shared-lib
file	services/orchestrator/src/modules/profiles/file-url-auth.ts	untracked	15cfbed3b44575f23cb286aa049ff0eb0a04e345bebde490f153b444b2875595	6046	a-canonical-contract-shared-lib
file	services/orchestrator/src/modules/profiles/policy.ts	untracked	c1a4b262d7bcc98086ac5f14ffc7cb549db92d69a2c37cd885ef21ec3844bea2	20337	a-canonical-contract-shared-lib
file	services/orchestrator/src/modules/profiles/profiles.ts	tracked	8cedee25a5390361e36561e1c8f259b71e94b20de264429f2901b821c1ad0ab8	20526	a-canonical-contract-shared-lib
file	services/orchestrator/src/modules/profiles/prompt-overrides.ts	untracked	ca2ec15c0ba3f482c7ea7cb81a5632a77c62701154a851cdab122715393d5cd8	8180	a-canonical-contract-shared-lib
file	services/orchestrator/src/modules/profiles/publish.ts	untracked	ae76ac4bc2d6480bd88f0ab3004c60637da1e755f9341164ee06133461e5b065	6298	a-canonical-contract-shared-lib
file	services/orchestrator/src/modules/public-api/delivery-encryption.ts	tracked	49885b397e5b8c64ec9433cacaebb94161cb416fff94f188cda8682d1ee53f44	14036	a-canonical-contract-shared-lib
file	services/orchestrator/src/modules/public-api/index.ts	tracked	22795f738d9705fd24a00e3296a1ae7857c144ad9e947182c5d647b6baa40e7c	575	a-canonical-contract-shared-lib
file	services/orchestrator/src/modules/public-api/upload-encryption-gateway.ts	tracked	ef93ee426fba4969d7dd0ef41a43ca32f1060cf573f2461b1177b289ce60c141	41876	a-canonical-contract-shared-lib
file	services/orchestrator/src/modules/queue/dispatcher.ts	tracked	f5bdafdefb995bd5c14b8586c1735ddf83b71aa812a0f83c7f55c38a2b18ee16	5661	a-canonical-contract-shared-lib
file	services/orchestrator/src/modules/registry/registry.ts	tracked	b9c8caf4f330cdc723ce00f4587a1dec010c26dbdbd49db4821a87567fb0c80a	8890	a-canonical-contract-shared-lib
file	services/orchestrator/src/modules/runtime/metadata-crypto.ts	tracked	cd912689722585607df6217e2f9fba86c08b0f313312a45a44ef6c27d8236a9c	16832	a-canonical-contract-shared-lib
file	services/orchestrator/src/modules/runtime/runtime.ts	tracked	d16ee71c062ed5e03ca8047d03c90e360b4dfaff5e12266285999c3677e51495	97864	a-canonical-contract-shared-lib
file	services/orchestrator/src/modules/runtime/worker-identity.ts	tracked	d8f830e0dc77955e0c22ed8d4f1baa695cb6da70177f54d0131b8b68cdae1350	3921	a-canonical-contract-shared-lib
file	services/orchestrator/src/modules/usage/budget-evaluation-validator.ts	tracked	3880881c114ba0194ed7e457704d35bf9cf064265df405551cfeac08d26674fd	2008	a-canonical-contract-shared-lib
file	services/orchestrator/src/modules/usage/budget-reservations.ts	tracked	592b0bcd90bfa8ad72184f7ab31ed16fcb0d5d0ed4a376ddedb93635223849fd	27032	a-canonical-contract-shared-lib
file	services/orchestrator/src/modules/usage/usage.ts	tracked	abcbb4a79b5b8ac3b9b01fa25b643b1fe5c2b1cbff24d1bb6f4b341631996c51	28283	a-canonical-contract-shared-lib
file	services/orchestrator/src/modules/webhooks/webhooks.ts	tracked	cb70e35ced5107c9eb4acd7cb8006eb9520e633bad3f1801f921ae9063b8803d	25455	a-canonical-contract-shared-lib
file	services/orchestrator/src/server.ts	tracked	3f4d9759e5823e2617e92ca916342887fa8e7ec724fbebcd8b0d106a6875292f	17867	a-canonical-contract-shared-lib
file	services/orchestrator/src/shutdown.ts	tracked	cca1fb8d19fd958dd1d3d5f62c8e8dccfb48dbabe90eed20e73d70408226dcf7	3673	a-canonical-contract-shared-lib
file	services/orchestrator/src/storage-migration-cli.ts	tracked	9c255540940d9da2f5614729447deb2ddff7b81b93cc2df6e19862f61644faec	2243	a-canonical-contract-shared-lib
file	services/orchestrator/tests/__probe-c63.test.ts	untracked	045ae26a6d2d127327e2e6afafc0671f6058bf4ea44d3ed03e1e63ddd82b9963	6944	a-canonical-contract-shared-lib
file	services/orchestrator/tests/adm-base-03-safe-error-offline.functional.test.ts	tracked	4329a55c265e0715d1f4935a6448b1eb6f0738285eea806431f997e5a06a20e0	11165	a-canonical-contract-shared-lib
file	services/orchestrator/tests/admin-action-dispatcher.test.ts	tracked	8b4683166cfe0b7865c41e7a32084b116376db00a3fa54b9e4ffc7875dffa56a	38270	a-canonical-contract-shared-lib
file	services/orchestrator/tests/admin-action-rbac-live.test.ts	tracked	d2b07b485c316382a7edd8fc66b8ace0da6b3c1b974de50ccc2d932ef3352a2d	23064	a-canonical-contract-shared-lib
file	services/orchestrator/tests/admin-actions-vault04-offline.functional.test.ts	tracked	48c7a3b0024e16a7aa596fbee44cbb6bcbfeaaf8ada0d6074c90cd91325effb4	20764	a-canonical-contract-shared-lib
file	services/orchestrator/tests/admin-api-key-render.test.ts	tracked	851565cb4b9f6a58acb85e7ac3164ee14e2edf45d4a6f2dbd5c864708e98bc2c	13184	a-canonical-contract-shared-lib
file	services/orchestrator/tests/admin-api-key-view-model.test.ts	tracked	8d4ef8120b88f421aca9322aaf66d63aa6184a883d34ea3f229971ed9d5a0ff6	24861	a-canonical-contract-shared-lib
file	services/orchestrator/tests/admin-api-keys.test.ts	tracked	ea54b184d7caa12ee81dc4c239729c128276cbec3be5f9be0b26a57249367da7	17759	a-canonical-contract-shared-lib
file	services/orchestrator/tests/admin-audit-list-page.test.ts	tracked	9fc51bac7ce6bffec143d7f971c1bc60b99e547f524ed51c2780ca270cf4a3a1	18063	a-canonical-contract-shared-lib
file	services/orchestrator/tests/admin-audit-mount.test.ts	tracked	dc45f15f201f705bbb032d723132d36f5754fb2b1d5dcb2b53f324f589455f4f	7405	a-canonical-contract-shared-lib
file	services/orchestrator/tests/admin-audit-query.test.ts	tracked	23ecc5dd85e90b6432f23355260f46ca104e2adcb7891ac0b72d29322d815156	14883	a-canonical-contract-shared-lib
file	services/orchestrator/tests/admin-audit-route.test.ts	tracked	f72d56cbfeee0ad7439a2c1f9246413a120e300e44e5a875d69347564b264e12	12178	a-canonical-contract-shared-lib
file	services/orchestrator/tests/admin-audit-scope.test.ts	tracked	50a920016729097921d97890a6e2dc76b16f02f272f09d87302083eb81802fb8	9601	a-canonical-contract-shared-lib
file	services/orchestrator/tests/admin-audit-toolbar.test.ts	tracked	2460310050386f616e2b260c4a1c3d3af0063a58c4d8d3910fb7e585a84aadc5	28598	a-canonical-contract-shared-lib
file	services/orchestrator/tests/admin-audit.test.ts	tracked	8cfdcf5487722aeefe274a095db50536816248aeb89af03e245c6886be8ec216	17421	a-canonical-contract-shared-lib
file	services/orchestrator/tests/admin-base-routes.test.ts	tracked	f671b0b2b7926546817c9577a5c41be018edefa880bff606dd7907f9f2502032	12509	a-canonical-contract-shared-lib
file	services/orchestrator/tests/admin-bearer-prototype-admission.test.ts	tracked	1a8755fbcb87483bcc7242bd76ab7e2d8ca57a6ca45f8175969db510267374d9	4589	a-canonical-contract-shared-lib
file	services/orchestrator/tests/admin-business-render.test.ts	tracked	cd673f4fef2595cba33e0882b451fb8e091b11b3aee40688c51bd8d7958f425d	9771	a-canonical-contract-shared-lib
file	services/orchestrator/tests/admin-business-view-model.test.ts	tracked	1859bd28095423ad1d6a61b442f7bc2cc2efa027092f790dce24afeb6c80f859	36404	a-canonical-contract-shared-lib
file	services/orchestrator/tests/admin-config-cockpit.test.ts	tracked	9be4cd29c1122678a6fa39960bec928d7018e38a26b5035c7632b27891d973b0	9735	a-canonical-contract-shared-lib
file	services/orchestrator/tests/admin-connector-render.test.ts	tracked	c377f7946719ca87c29d5479b029467730fb0f6e328cd77a5e2ec1865fbe0ded	12864	a-canonical-contract-shared-lib
file	services/orchestrator/tests/admin-connector-view-model.test.ts	tracked	c0ce55e072818154ee6fe241b5da258716eb9de8965330999e51c9638813af4f	27703	a-canonical-contract-shared-lib
file	services/orchestrator/tests/admin-crypto-config-oidc.test.ts	tracked	d08470a8f4312f2df5018ffc4bb400a977a55129c454cefacc1e7f88ad4845a8	9310	a-canonical-contract-shared-lib
file	services/orchestrator/tests/admin-crypto-config-shell.test.ts	tracked	f4e67d5beec3c32fcab3ceed5333d6888a1ab191137f6b75e361685973cacb94	12025	a-canonical-contract-shared-lib
file	services/orchestrator/tests/admin-crypto-config-wiring.test.ts	tracked	55dc42fc9fbb43b9589c0e14e4afacfbddd2f18671e29bd7035810e8360dbcef	55992	a-canonical-contract-shared-lib
file	services/orchestrator/tests/admin-crypto-config.test.ts	tracked	1d6639e078ac1dd3769a02336b30680191e41cce3922913e7a6a586ac6372a26	40691	a-canonical-contract-shared-lib
file	services/orchestrator/tests/admin-error-boundary-offline.test.ts	tracked	ac311619c1fe0e9c60120de37e1886677d6b9c73e1358b3be1b5eb6c5e24c8b7	29023	a-canonical-contract-shared-lib
file	services/orchestrator/tests/admin-error-boundary.test.ts	tracked	76887c67e07ac1e9c5bde7da8654e474519a37b9a6767d9c308215eb3eabfcda	4944	a-canonical-contract-shared-lib
file	services/orchestrator/tests/admin-idempotency.test.ts	tracked	c5d0087920a87684932a7edfc4233e9f1e9c816e7ec2c36560348539827d03ba	26697	a-canonical-contract-shared-lib
file	services/orchestrator/tests/admin-keyset-explain.test.ts	tracked	8f82ee2f31da4859bdb42260e439a3047f732f7a63ba3469a385a8786f74cd62	28804	a-canonical-contract-shared-lib
file	services/orchestrator/tests/admin-list-contract-conformance.test.ts	tracked	683b3ceaf28353767a71ed1ad25cda23e9b55c49f116f79e68bd6c75045fbb1f	17519	a-canonical-contract-shared-lib
file	services/orchestrator/tests/admin-local-user-repository.test.ts	tracked	2c07ae72215a3301994a8bdbf0e5b3fea2555162a0ad03fd237bc4a2324c57a3	13327	a-canonical-contract-shared-lib
file	services/orchestrator/tests/admin-local-user-role-policy.test.ts	untracked	07ef93460f060952717f4dbad39d0e902f0ed8d247a39ddb083f0bc6b8c4e919	4965	a-canonical-contract-shared-lib
file	services/orchestrator/tests/admin-local-users-cli.test.ts	tracked	e359f8c6d84f526d9f4bb5f0a3028b83862dc9a074a413fcd0460c3b71e6c809	5627	a-canonical-contract-shared-lib
file	services/orchestrator/tests/admin-local-users-migration.test.ts	tracked	48c88665f014aa28523b3804923e1a9866249fee1a0144f1c8750174669d9d64	3637	a-canonical-contract-shared-lib
file	services/orchestrator/tests/admin-mutation-atomicity.test.ts	tracked	c5c6bdb3ef20e5f757ac1122fb74e63cd36805f5c0f2355947f91f17b2abcfa8	13091	a-canonical-contract-shared-lib
file	services/orchestrator/tests/admin-oidc-flow.test.ts	tracked	d8b3155f1f7e329b8c322a6af57a10c41b431cc4f9fe5e0a38807b8d24e61e5a	10797	a-canonical-contract-shared-lib
file	services/orchestrator/tests/admin-oidc04-claims-tenant-offline.test.ts	tracked	a74bb3e8d73ebcd372bbad05f922d42afa7b73a6a493dfd560327c291e65b68f	12259	a-canonical-contract-shared-lib
file	services/orchestrator/tests/admin-operation-cockpit.test.ts	tracked	634faaf19aa53b46139a6c864f408be1c648d31133f230b54e12743aec6ee5a1	6158	a-canonical-contract-shared-lib
file	services/orchestrator/tests/admin-operation-render.test.ts	tracked	350a391b7e8bd13b8095aa9ee918eb799a8892bda37b29eab8d1d3f7c956e671	22713	a-canonical-contract-shared-lib
file	services/orchestrator/tests/admin-operation-view-model.test.ts	tracked	42fb9cb15a9119470539a02cd2538517aa24a11194167b3a1b03cf81b34bf428	77221	a-canonical-contract-shared-lib
file	services/orchestrator/tests/admin-operations-query.test.ts	tracked	af126ee9a97d5c61a7bff413951212e277c2cfda908e19e51b253f5032cd3e04	17886	a-canonical-contract-shared-lib
file	services/orchestrator/tests/admin-operations-sort-http-offline.test.ts	tracked	31f37ff9957c67de9037671dfc83645c313a2de16531cf38b19ee41797b769fc	34958	a-canonical-contract-shared-lib
file	services/orchestrator/tests/admin-operations-sort-wiring.test.ts	tracked	ccf8c398bb96bf96530deec9a6c53d3b776cf77937fe36c9ee9938804647dfa2	21743	a-canonical-contract-shared-lib
file	services/orchestrator/tests/admin-operations-sort.test.ts	tracked	3731e503c7498d4804b037a21a2bef9885e1b14e3e9a74dedbd2ed9efb187e36	14385	a-canonical-contract-shared-lib
file	services/orchestrator/tests/admin-operations-sql.test.ts	tracked	e51ceb2acf120124f44ffc8507552d188ce4e35ea3402d9ffee731169b656cab	29288	a-canonical-contract-shared-lib
file	services/orchestrator/tests/admin-operations-view.test.ts	tracked	a12995998d524cb97518a9b07abcddea69f320236af8db1d0cc957d3a87f3a3a	26906	a-canonical-contract-shared-lib
file	services/orchestrator/tests/admin-overview-render.test.ts	tracked	387d7cd93790097053c354d71bb94345ecf10953143188b61cebf8c39f0c2b77	15162	a-canonical-contract-shared-lib
file	services/orchestrator/tests/admin-overview-triage.test.ts	tracked	da0a091e20d6641bf6ba137fca21dbbeba60364aa3934ced286ed7fdd75baede	49298	a-canonical-contract-shared-lib
file	services/orchestrator/tests/admin-overview-view-model.test.ts	tracked	352ecbbba40dd761397ad4bd7f213edfcc8038acc01dc77a9c566cafc5230b29	64350	a-canonical-contract-shared-lib
file	services/orchestrator/tests/admin-p6-01-shell-fixtures.test.ts	tracked	007d064f5ab5bb76d23f8611809b48d9964f47eb0bc72807ec86b52bc799ad7a	13505	a-canonical-contract-shared-lib
file	services/orchestrator/tests/admin-profile-render.test.ts	tracked	0a4c03905b2ff92f04438a37a47853f7cba1ad1509eea79afa2825a86afc674a	21491	a-canonical-contract-shared-lib
file	services/orchestrator/tests/admin-profile-view-model.test.ts	tracked	04994a199ea856127303a5adb82e036e83928cd2b41d875b779645d74ea748e5	43456	a-canonical-contract-shared-lib
file	services/orchestrator/tests/admin-shell-auth.test.ts	tracked	b025ac2d67d7bbc72cd432d3f0a731ce5c188ffe401cb7727e96c3d5aa638065	8093	a-canonical-contract-shared-lib
file	services/orchestrator/tests/admin-shell-live-pane.test.ts	tracked	c35bfc0e0d0eabaa7ebddb9996a13d91baf09a58c3eb88365db3c502684f68b2	4796	a-canonical-contract-shared-lib
file	services/orchestrator/tests/admin-shell-oidc-flow-integration.test.ts	tracked	1b9ed8a0d42cc8f92b58db468b6f6c056a77c09f6c40714036bc8511adf50fde	12710	a-canonical-contract-shared-lib
file	services/orchestrator/tests/admin-shell-oidc-mount.test.ts	tracked	f0474e4ad29c6923ab7988ca43586961236bd8a3ec72e45d4e16de3fba5e7802	7422	a-canonical-contract-shared-lib
file	services/orchestrator/tests/admin-shell-platform-mount.test.ts	tracked	e4acfb07cbc1b83acd7b4c4493518e76335c77371c1fa9388d30b7b34eaa5c5d	59593	a-canonical-contract-shared-lib
file	services/orchestrator/tests/admin-shell-render.test.ts	tracked	57ef4ae596e47ca35ffe65a7c61460e0f7d325daf5d9538b2731455c8ca3df02	12093	a-canonical-contract-shared-lib
file	services/orchestrator/tests/admin-shell-router.test.ts	tracked	73b252ea1b28b498a996cc5f4eccd32185a7e8cb8d946a4804c36611c162aeeb	9513	a-canonical-contract-shared-lib
file	services/orchestrator/tests/admin-shell-server.test.ts	tracked	2eb16ae63787fc0c8412b06c0456dd020a2df1e7e7c645bc831e565dc93709c2	73089	a-canonical-contract-shared-lib
file	services/orchestrator/tests/admin-shell-session-lifecycle.test.ts	tracked	13e2a19db36aa932d17cf59b41d6c843b69c9967c6d24b66d9b1197044067720	39521	a-canonical-contract-shared-lib
file	services/orchestrator/tests/admin-sort-allowlist.test.ts	tracked	ca82bc079942dfb865c43f2378b3fd6e28cb9b0e97dd8b38cb89e8b54b762063	13097	a-canonical-contract-shared-lib
file	services/orchestrator/tests/admin-upstream-error-body-offline.test.ts	tracked	35e80efc9d51053bbf18a8a54010e6ce6947c07676d2654bc5cf0d12bb17d2ec	2504	a-canonical-contract-shared-lib
file	services/orchestrator/tests/admin-view-model.test.ts	tracked	3a117d0d2b628b69418bc77327c21bf75f2c4b3b17bb61e96fe28625e6ecb1a2	46409	a-canonical-contract-shared-lib
file	services/orchestrator/tests/artifact-grant-fencing.test.ts	tracked	804dea0d3825a12216f7cd4a1c3d7b8554054bafeb3d6b163de16b4400a32397	33877	a-canonical-contract-shared-lib
file	services/orchestrator/tests/artifact-integrity-scanner.test.ts	tracked	4c6e4093e6358dedded2e522910d8d744586d24c2cbeb5e8cea06afa113ace4a	17413	a-canonical-contract-shared-lib
file	services/orchestrator/tests/artifact-read-authorization.test.ts	tracked	c0fb117c58972e5c6a1376b7742c459c508132870069e75b2e1a5222154d4461	31120	a-canonical-contract-shared-lib
file	services/orchestrator/tests/artifact-read-decrypt-offline.test.ts	tracked	582f37822092c2b90cf1ebc02a900a740a57a5718167d38e85517289d1069872	26807	a-canonical-contract-shared-lib
file	services/orchestrator/tests/artifact-read-download-route.test.ts	tracked	54dd814520aaeb750a0c035fa4ef360461724bd78831c5df0ff62d99bd3ae10f	14542	a-canonical-contract-shared-lib
file	services/orchestrator/tests/artifact-storage-service.test.ts	tracked	fedcde1ab44672b8f868d354370a138c9ed958916a751a53adef2b92dc1474bc	27453	a-canonical-contract-shared-lib
file	services/orchestrator/tests/artifact-submit-guards.test.ts	tracked	e094044122fe19b17cd37e80d0d52801e02c391dc8037caf427e53ceaa2541d7	12872	a-canonical-contract-shared-lib
file	services/orchestrator/tests/artifacts-fencing-pg.test.ts	tracked	49bc82ebe52e8154a20bae93f6f854d3d66892f3338bf0a4a8cd0f18eb298921	10597	a-canonical-contract-shared-lib
file	services/orchestrator/tests/artifacts-fencing.test.ts	tracked	e67e50cab4aa3e83dee1a845ac6d689248ca035568d8e10315a658b1991bca64	13880	a-canonical-contract-shared-lib
file	services/orchestrator/tests/audit-ext-2-offline.test.ts	untracked	ed97514a0bc7dfcc0670113ee840555070cc3628f8695e52aa3c02184d3c1783	5176	a-canonical-contract-shared-lib
file	services/orchestrator/tests/aweb02-bff-foundation.test.ts	untracked	f1ca694c615ef83fe404b33cc18758eb6b8555514fae099eb50affe286297d9f	23093	a-canonical-contract-shared-lib
file	services/orchestrator/tests/aweb02b-tenant-token-env.test.ts	untracked	878db47021d76d6074ec31841fd4eb08b5420337324f951010b859701a2ab087	3729	a-canonical-contract-shared-lib
file	services/orchestrator/tests/aweb04-bff-profiles.test.ts	untracked	c41330253e987ad8b0e8cab542df6ee8d00257fcf126be0624911994fc8f54a3	13539	a-canonical-contract-shared-lib
file	services/orchestrator/tests/aweb05-bff-reads.test.ts	untracked	67688ce4a0f9b2cf568fcb7fab63c463ee83e0170888db41e686a2247d698282	14553	a-canonical-contract-shared-lib
file	services/orchestrator/tests/aweb06-bff-operations.test.ts	untracked	4f7ea50993e7945063e81ede3b5b0dd35d0fc313bc29da35d4c10ad81f0195eb	11652	a-canonical-contract-shared-lib
file	services/orchestrator/tests/aweb07-bff-security.test.ts	untracked	d959c8bae17260ff8061ce27f8594eab401b91267a8ce5898eea6c7cadf35ef0	9624	a-canonical-contract-shared-lib
file	services/orchestrator/tests/aweb08-per-route-flag.test.ts	untracked	98b8a389ae9bbfc708940e6eeb8d7b0db33199d625e65c1888f1b8ae32fc3936	8226	a-canonical-contract-shared-lib
file	services/orchestrator/tests/ba04-fix-811.test.ts	untracked	b81852f039790537788b890d403143a2951202beb3083e426a3caeacf65c9150	6758	a-canonical-contract-shared-lib
file	services/orchestrator/tests/backfill-cli-825.test.ts	untracked	db8582eb7d0d470f75999327443580dd2ea7ac68033d22ed542cb82fbde3b407	6138	a-canonical-contract-shared-lib
file	services/orchestrator/tests/bff-connectors-actions.test.ts	untracked	f28c0b50e4620472581f52b2238720a8feb74c156566ef1380b1f1a2ef7d9f86	22157	a-canonical-contract-shared-lib
file	services/orchestrator/tests/bff-settings-identity.test.ts	untracked	f7955afaa86d7730bb85c64abc82a789ef884e5b40458177930a5dd46cd2ef7a	23299	a-canonical-contract-shared-lib
file	services/orchestrator/tests/blob-wire-binary.test.ts	tracked	28e52623a4fa8131084d5328310242f2e908cf9983909ce51cd3b57000ff7506	9119	a-canonical-contract-shared-lib
file	services/orchestrator/tests/br08-cancel-resume-race-offline.test.ts	tracked	34c2a5a841bf8683bc1c41b26a294976c871bd6eca837fa0f563771477c9c0d6	7703	a-canonical-contract-shared-lib
file	services/orchestrator/tests/br12-isolation-offline.test.ts	tracked	b1b7649f6e79c9ec111de686dc6aa05222ce26754c682a65c270c9082f84407d	22846	a-canonical-contract-shared-lib
file	services/orchestrator/tests/budget-evaluation-validator.test.ts	tracked	447ae47ecfa8f6d8cf3c9ae2404a93c3534bf0c82b9faf93011b1485c9b6798f	3892	a-canonical-contract-shared-lib
file	services/orchestrator/tests/budget-reservations.test.ts	tracked	4c2f72e951ab82585ac569c85d229a6f15717959763625a9850debb50e1a6590	18421	a-canonical-contract-shared-lib
file	services/orchestrator/tests/business-contract-fix-820.test.ts	untracked	a35ba8daa7a15641cbb6b337606f3a825846e4642a71eb495f1be4fbad3c36a8	2617	a-canonical-contract-shared-lib
file	services/orchestrator/tests/bypass-fix-810.test.ts	untracked	ad3ff46cf80cb021e2dc9519aab1f5ae728eb69021091e72102685276d0194fe	8771	a-canonical-contract-shared-lib
file	services/orchestrator/tests/compat-decoders.test.ts	tracked	5f2c94be9254f7c02ca22d453e55674e1244edb5e71661aa1db67dace6b84976	22690	a-canonical-contract-shared-lib
file	services/orchestrator/tests/connector-credentials-offline.functional.test.ts	tracked	1fe66ae9301825a8e1df34f047d78e796738f896b6b07859f22f42788b8c68c7	16413	a-canonical-contract-shared-lib
file	services/orchestrator/tests/connector-revision-http-offline.functional.test.ts	tracked	8e7e8aa9469e55bffe66e67ed677dfbe98a8e1d6140a6490524438c514a6c5fb	20652	a-canonical-contract-shared-lib
file	services/orchestrator/tests/conv13-audit-wire-single-source.test.ts	untracked	bf026ab7fe5f17852ac4a474a05e7b17c30d83ec3c738171b6bdfb549ad939ec	4296	a-canonical-contract-shared-lib
file	services/orchestrator/tests/credential-legacy-transition-offline.test.ts	tracked	43bf569a2898172f2f5e6bf1405afe931ed3c23385cade8c9d38522b40fcf588	16480	a-canonical-contract-shared-lib
file	services/orchestrator/tests/credworkflow-compose.test.ts	untracked	b6047be0f8abd8fd8a1e440e74b1ebf1068a4bde22b92811291dd253d9c97866	5660	a-canonical-contract-shared-lib
file	services/orchestrator/tests/credworkflow-e2e-offline.functional.test.ts	untracked	9ffdd4a1d4c0ddeaec563f29fee0c991d0b3c0d0a6976963d8c110b67de78730	17887	a-canonical-contract-shared-lib
file	services/orchestrator/tests/crx01-creatapp-metadata-seam.test.ts	untracked	e34e632eb7cd33779ec39174e63bc11d8a86637ed87ce5b0ac9a2ba8898aaf49	13452	a-canonical-contract-shared-lib
file	services/orchestrator/tests/crx01-metadata-wiring.test.ts	untracked	fb5cc524e224e3ef10b289dd38eb7c5db810ad90d82935261ea3958a7a49e353	6949	a-canonical-contract-shared-lib
file	services/orchestrator/tests/crx02-rfx05res-s3-read-guard.test.ts	untracked	94bc338677fdcbdbc483eab960339bef4afa5487e4b1edb1320b62a5975c84fa	23871	a-canonical-contract-shared-lib
file	services/orchestrator/tests/crypto-config-store.test.ts	tracked	ee90cdeb5582cc2e82831c5a833b36df4d5daeaa34a99a9cc718b89717877d5b	24345	a-canonical-contract-shared-lib
file	services/orchestrator/tests/crypto-storage-facade.test.ts	tracked	29206e365fb8a5ca18b62e2436b18350f63b93c42238100a9a173ce1cbc5c0a9	49096	a-canonical-contract-shared-lib
file	services/orchestrator/tests/crypto-storage-plaintext-bound.test.ts	untracked	862b5f457fe18227de4827a4e1786e630774594c389ffb88183f61dd619736b7	11429	a-canonical-contract-shared-lib
file	services/orchestrator/tests/data-02-04-live-s3.test.ts	tracked	0a0ccdbe8eadcdbb75d9e7663ea0491cb66cacfeb2ff021831890b5eaa77c679	25337	a-canonical-contract-shared-lib
file	services/orchestrator/tests/delivery-encryption.test.ts	tracked	1c6226310aa3ab0a5924b99180be491f9beb873892d21fc3eb465a92828b34e2	46262	a-canonical-contract-shared-lib
file	services/orchestrator/tests/enc-meta-sentinel-outbox-source-url.test.ts	untracked	9c5d1d59cf5b9056600babf7be1639d6309e242944c039a40960f961bdbfe5d5	20087	a-canonical-contract-shared-lib
file	services/orchestrator/tests/enc-meta-sentinel-runtime-refs.test.ts	untracked	f2b96e2e08e8facf47a5875aea47d16112787547f66714d2bf6143f6655c5c88	23293	a-canonical-contract-shared-lib
file	services/orchestrator/tests/enc08-wire-enc07.test.ts	tracked	ef3a1f3daaadba38b01cc1abec452e35bfe1f5f6c2622590d6d095433f521333	13119	a-canonical-contract-shared-lib
file	services/orchestrator/tests/encmeta-enc09-kind.test.ts	untracked	fd433af09ac863be599b684080243fc1d17a8df1504af060744707a121d4061f	16724	a-canonical-contract-shared-lib
file	services/orchestrator/tests/encmeta-resultref-offline.functional.test.ts	untracked	6914e9b4c731a4e01ad1f290743051b892336498d5425f8b86a25c607ad2af19	15591	a-canonical-contract-shared-lib
file	services/orchestrator/tests/encryption-boot-options.test.ts	tracked	9cfdc08ba79eaac15a41bdff23af517f9a8c04353e24c8c5c397180be1d3ce94	13499	a-canonical-contract-shared-lib
file	services/orchestrator/tests/fixtures/legacy-envelope-golden.json	tracked	8015de0f291c5fc3ca123e3a311d9c34d0829234fd039552ca600f3314137708	6797	a-canonical-contract-shared-lib
file	services/orchestrator/tests/fixtures/multipart-offline-harness.ts	tracked	9cfe03a6c96be861770ab2c4b64269345169708025888991c919afc4fd33bc8e	25226	a-canonical-contract-shared-lib
file	services/orchestrator/tests/fixtures/oidc02-replica-harness.ts	tracked	10e56dbbe4c681f15e78cb0ebdd19cfd6e1768e1173ec180eadbf2bdabff7fd1	9754	a-canonical-contract-shared-lib
file	services/orchestrator/tests/fixtures/oidc02-replica-probe.js	tracked	0ec0308d376e3cf99902f88e99b238da35b5ca25d6245b0f8f57302da3c86572	9015	a-canonical-contract-shared-lib
file	services/orchestrator/tests/fixtures/private-versioned-s3-fixture.ts	tracked	ab56c57bb328e29c946bb25905fcf74adfc19c3130809200fa27f7099eefc848	6646	a-canonical-contract-shared-lib
file	services/orchestrator/tests/fu-encmeta-admin-projection.test.ts	untracked	28bcb51b555d5436650a5d5617dc145556f831b0b8e2a90cce8dcb7ded822c97	3318	a-canonical-contract-shared-lib
file	services/orchestrator/tests/gate-authenticate-808-pg16.test.ts	untracked	5d32526ce4cee44e0d6165f42f69a25f29e6e0c2d6f85d8a42efc3271ea0c6e9	13176	a-canonical-contract-shared-lib
file	services/orchestrator/tests/gate-authenticate-808.test.ts	untracked	16b28115515bbaeecbecc31372e3ba7895927d67adb30820500c8859db35beca	10011	a-canonical-contract-shared-lib
file	services/orchestrator/tests/graceful-shutdown.boundary.test.ts	tracked	496a1eb71f2195a37fc840e054f2d485f571e34e245396bc4c0821c8ba0a9bba	3977	a-canonical-contract-shared-lib
file	services/orchestrator/tests/grant-artifact-pins.test.ts	tracked	fd9bb785094b3c2f5e3a5e55973937c2983805bd5cb7fa60f628c6a459aafedd	16077	a-canonical-contract-shared-lib
file	services/orchestrator/tests/gsec-sentinel-rbac.boundary.test.ts	tracked	460a28f77e6957e1ad42fad9cc07084b51efa3ee859e5ae5a487bd1b78fd90a1	7000	a-canonical-contract-shared-lib
file	services/orchestrator/tests/helpers/operations-page-fixture.ts	tracked	92269c441d4798ccdfe16317e0f0916a8673dbd66c0ac1275814390b85d46f42	5155	a-canonical-contract-shared-lib
file	services/orchestrator/tests/helpers/runtime-harness.ts	untracked	734b0c97b4e95b429af73fd7796db0b6c4a906207d455e9f94833b3bb2f5a5ca	16640	a-canonical-contract-shared-lib
file	services/orchestrator/tests/ingress-bounded.test.ts	tracked	0a8e40707da720eb63f085b2474b59f5e5342c1fd3052a0e5dd3f90d2950bee8	11667	a-canonical-contract-shared-lib
file	services/orchestrator/tests/legacy-action-router.test.ts	tracked	9e9754edca1fb8e2fe5e2a632819915d3c6e35d2afa45b039e0c5bcdff859dbd	25399	a-canonical-contract-shared-lib
file	services/orchestrator/tests/legacy-envelope.test.ts	tracked	b84f9c74975818290183e34e892e5b44c4910e32e66596e4b4b15ec5afa7fb50	6965	a-canonical-contract-shared-lib
file	services/orchestrator/tests/legacy-form-bridge.test.ts	tracked	3740dfb4ca27a32a7d51eff46810675762e4bcc484401973d149f06b0c9d4832	6619	a-canonical-contract-shared-lib
file	services/orchestrator/tests/legacy-headers.test.ts	tracked	3ca4af95755f3cfb8c712a311e81630b422745dd677809079eb8306768676a2b	10239	a-canonical-contract-shared-lib
file	services/orchestrator/tests/legacy-http-mount.test.ts	tracked	a2423a216cf8a960f6625363d0fa4f028cd954f8bb37559e8a34d0d52d58391b	14487	a-canonical-contract-shared-lib
file	services/orchestrator/tests/legacy-multipart.test.ts	tracked	7e19560886de9cf0fbca649eee87a8a72474b64b892af1ac239bf954a81233de	8481	a-canonical-contract-shared-lib
file	services/orchestrator/tests/legacy-operations.test.ts	tracked	ca4307966dbb65a3e71a3d6a9a78aeef3ca3cec9e8494d1a2bc814966e0c480b	6328	a-canonical-contract-shared-lib
file	services/orchestrator/tests/legacy-payload-migration.test.ts	tracked	6a0e3f9a409f2e3429ef51cf89c632e9e9394132141fe1ebfd49ee5746403f23	14479	a-canonical-contract-shared-lib
file	services/orchestrator/tests/legacy-public-artifact.test.ts	tracked	9f7cc5e2d6c13280620f3c20eee4d5956aba67bfb56ecde754b65cbf1a217540	4253	a-canonical-contract-shared-lib
file	services/orchestrator/tests/legacy-wire-decoders.test.ts	tracked	be13152a1bbfafd113e70fcaa642f8c93a2ce150ca07cc3a50679a9ec16c4e2a	9006	a-canonical-contract-shared-lib
file	services/orchestrator/tests/local-primitives.test.ts	tracked	97f1f91208ed1c29b109d44cb7544feb345db5f33f4a23be10b120d558066c82	6481	a-canonical-contract-shared-lib
file	services/orchestrator/tests/log-collector.test.ts	tracked	cb49b690cb51a959350cea7d7a0d102ea04f8ed697f6f2fbc105659fc91dd644	2529	a-canonical-contract-shared-lib
file	services/orchestrator/tests/metadata-read-policy.test.ts	untracked	2ea9932c9fb4cfd1aec034c649ee596d7e966697c6503dcf5085bdd1ffc599a9	11680	a-canonical-contract-shared-lib
file	services/orchestrator/tests/metadata-window-control.test.ts	untracked	0fbe9ec750a3da3d67c68b3c8d29b77f192185c3515af4c5b6c76fdaf53209c1	11520	a-canonical-contract-shared-lib
file	services/orchestrator/tests/migration-0032-rollback.test.ts	untracked	3ac551bedacce1ef973a53061f74fda3113aa79fac91261f2e0d8d0f365626db	6731	a-canonical-contract-shared-lib
file	services/orchestrator/tests/migration-verify-trap-fix.test.ts	untracked	1a1edf860375a2fb19798b1f8e5f1e8abfffb5b7b292f12eecfed62f10df8b55	5986	a-canonical-contract-shared-lib
file	services/orchestrator/tests/migrations-ledger-guard.test.ts	tracked	107a827766a4db48cd53f0d74e33dcc69b5ee33ae945b5390aa08a0678f63ff8	11081	a-canonical-contract-shared-lib
file	services/orchestrator/tests/migrations.test.ts	tracked	44c1db840263862d350682549dcdf6bdc362177ce9c0387d928d0a74e1b2bb01	9445	a-canonical-contract-shared-lib
file	services/orchestrator/tests/mm05-queue-integrity-offline.functional.test.ts	tracked	4f01746309067b4e2d877256aaa0624c4a0ad1ee64254497b73e3047a61377f5	8977	a-canonical-contract-shared-lib
file	services/orchestrator/tests/mm05-queue-integrity-sweep.test.ts	tracked	23bc01cbd486c3e8eb864e4081e05c42a5d61b7908d18ce17416cb0016a407cd	12254	a-canonical-contract-shared-lib
file	services/orchestrator/tests/mm10-claim-cancel-flag-offline.test.ts	tracked	ad5b984045a65e9d1cf27dc838a84ecf0dd27373b398e1c8c7c0ffaa85758468	12316	a-canonical-contract-shared-lib
file	services/orchestrator/tests/mm10-heartbeat-cancel-offline.test.ts	tracked	b3066ce074756834a64d9c0e958071bc6a21e4f36ff5177234ea6d43f5541fd7	10942	a-canonical-contract-shared-lib
file	services/orchestrator/tests/mock-oidc-idp.test.ts	tracked	d456b9e747c176c3270b0ac5afed92380e37245dfdc0e4481c8825ae8cc9cf29	7588	a-canonical-contract-shared-lib
file	services/orchestrator/tests/mock-vault-harness-offline.functional.test.ts	tracked	3abb7f4a7a9148a0e07dd616681ff9710bfa2e8a3c2dda007adc211a99cd40b7	16385	a-canonical-contract-shared-lib
file	services/orchestrator/tests/multipart-routes-offline.test.ts	tracked	99c2599a2b966238123e6355d7cb68fdb2d369616dcb8b0b05cb829fd9d8b5ab	25528	a-canonical-contract-shared-lib
file	services/orchestrator/tests/multipart-service-offline.test.ts	tracked	67901b997c08605790a567012b67d1bf93b539eaa55ebd3b8add47404c069311	44050	a-canonical-contract-shared-lib
file	services/orchestrator/tests/oidc-boot.test.ts	tracked	0c9402694766f9d99372309ccdb1d8da620a543e6b7e01bd8dd35d88187b8afa	15960	a-canonical-contract-shared-lib
file	services/orchestrator/tests/oidc-claim-shape-contract-offline.test.ts	tracked	cc764a201273e946a489c6483665b09a07faf28c87158a1075c5ee187d6de2ff	10794	a-canonical-contract-shared-lib
file	services/orchestrator/tests/oidc-client.test.ts	tracked	0cece9f5bae29bc8822f963ea7565306038ea13a5bec2e77907853e63b8ea193	18908	a-canonical-contract-shared-lib
file	services/orchestrator/tests/oidc-cookie-secure-proxy-offline.test.ts	tracked	75d9cbeab965a6c7e628155c284fcee549c6f0798c53daac4f0d5584e739500a	13160	a-canonical-contract-shared-lib
file	services/orchestrator/tests/oidc02-multi-replica-offline.test.ts	tracked	42914d9cc44b2540aa48a101d0b50488ed4aa10c02ad49023081c4a4be95ad8a	19176	a-canonical-contract-shared-lib
file	services/orchestrator/tests/oidc02-process-replicas-offline.test.ts	tracked	d3cfe3adb206ed25e2f4d44df293fee1d3107516e5dfd5f7b01d314ffc56d60a	26322	a-canonical-contract-shared-lib
file	services/orchestrator/tests/oidc03-role-action-tenant-offline.test.ts	tracked	d726b6e46e4cda19ff90f72b9f045d98ea6535ef99fd070b187929b3ae455359	22499	a-canonical-contract-shared-lib
file	services/orchestrator/tests/operation-tenant-fence.test.ts	tracked	85e8cd42669ec0a4cede2d3fdba3ce95f4cdfc7fa2eba99a94011dae9f3fdc20	8597	a-canonical-contract-shared-lib
file	services/orchestrator/tests/operations-list-contract-conformance.test.ts	tracked	55837137091df3b66480462761e482953c46f0fdc8abaaede17e10ad3ca5ebeb	16739	a-canonical-contract-shared-lib
file	services/orchestrator/tests/operations-list-cursor-sort-binding.test.ts	tracked	7992546789ab593e2047582f2649d02d49ff7f33df202b177aa8834f08b7902f	23798	a-canonical-contract-shared-lib
file	services/orchestrator/tests/p730-acquire-composition.test.ts	untracked	869456f4166e56c15a214f7f72f6f4198a9ea100a89f8df036a9511243ae16dc	11441	a-canonical-contract-shared-lib
file	services/orchestrator/tests/p730-acquire-consumer-auth.test.ts	untracked	a8a419e7b11dc55f69a8a286ace9d4d564065ed85420eeac59e6b8cb8a08ad74	8320	a-canonical-contract-shared-lib
file	services/orchestrator/tests/p730-acquire-ref-resolver.test.ts	untracked	2b0321d7b6db063ee90ccac79e76884ed57c1c369c305ce22a4412a0e31f097d	12710	a-canonical-contract-shared-lib
file	services/orchestrator/tests/p730-admin-mutate-offline.test.ts	untracked	785d9ce294c8936ff15c201655b69ec5280b68fb250ad7ac2d7611f2667d34f9	23633	a-canonical-contract-shared-lib
file	services/orchestrator/tests/p730-legacy-snapshot-failclosed.test.ts	untracked	809f8d026a0b95c4e8ab1494ff3bfcab591178a0414c8117a4f5a551b5c12c23	8408	a-canonical-contract-shared-lib
file	services/orchestrator/tests/p730-medium1-parameter-policy.test.ts	untracked	f294ea697b05424ede4d6370530b8dfb9917580affecb96c94855f156ea5ded8	10833	a-canonical-contract-shared-lib
file	services/orchestrator/tests/p730-medium1-write-validation.test.ts	untracked	4ce74b23ab6bed53dc3af9e8e1caa45adc63bb95935d8db825a01d0f16e70692	10353	a-canonical-contract-shared-lib
file	services/orchestrator/tests/p730-prof03-invariant1.test.ts	untracked	f4b65d62fd3325ecf9819d2dd11161fad70dfbf9e30e0acd58e1d1c434a7e1b3	13935	a-canonical-contract-shared-lib
file	services/orchestrator/tests/p730-prof03-publish-cas.test.ts	untracked	f5ebe660db556326b6fb03e1523854204fe5b2cf85b6f02d5b5e1ed5b8b1b867	16833	a-canonical-contract-shared-lib
file	services/orchestrator/tests/p730-profile-snapshot.test.ts	untracked	42d8aa66dceacf6796c519846867b3564a1cdd5a7a94eca520b9fa52be001770	18095	a-canonical-contract-shared-lib
file	services/orchestrator/tests/p745-connector-actions.test.ts	untracked	f571865cbb57e6ea6c60023e45631ae55652a3e82d68d75df25dad907a8f5eac	12458	a-canonical-contract-shared-lib
file	services/orchestrator/tests/p745-connector-boot-composition.test.ts	untracked	d2f304596c6344f4fd22b9da9b6c8d48a9f4e582d3be6d8986cacf34ace50b29	4641	a-canonical-contract-shared-lib
file	services/orchestrator/tests/p745-connector-management-proxy.test.ts	untracked	7c38d6a88e5a37c62ee2b367244a211b8e42324115d4b0e56f1f72a8bf32443e	11117	a-canonical-contract-shared-lib
file	services/orchestrator/tests/p745-prompt-carrier-claim.test.ts	untracked	c78357567b4746519740f9de1bf0d7e81014466c14d49a8c5612fad4cb198a2d	15101	a-canonical-contract-shared-lib
file	services/orchestrator/tests/p745-prompt-carrier-producer.test.ts	untracked	5691acba60f77502daaf6c45bc0be708e65118581e58c5385c91b254efa22a52	15615	a-canonical-contract-shared-lib
file	services/orchestrator/tests/p745-prompt-producer-impl.test.ts	untracked	64b48771a768e5bd6165a7652403170dda8f446b7a111bca3b7e61a7eab06016	12338	a-canonical-contract-shared-lib
file	services/orchestrator/tests/p8-01-audit-entity-offline.test.ts	tracked	f29481d5d939c7edff52db4b833be967ff00ac8656f518f16e27b131936bae92	5848	a-canonical-contract-shared-lib
file	services/orchestrator/tests/plat-mig-01-boot.test.ts	untracked	30d03aff971fe6a5e00fd80e2309f800ee4e560eaf7ba15b38752202c502d2e6	7006	a-canonical-contract-shared-lib
file	services/orchestrator/tests/plat-mig-02-probe-authorization.test.ts	untracked	5ddf7d6f53ec0021ad05ac294adf6b925127a2d7656e5f9295fd1b2634bcadf0	6871	a-canonical-contract-shared-lib
file	services/orchestrator/tests/public-upload-encryption-gateway.test.ts	tracked	dab379b1e23b8484735d849d1459ae0170ae88becb639784162982f461f94b56	37039	a-canonical-contract-shared-lib
file	services/orchestrator/tests/r24-01-poll-fence-offline.functional.test.ts	tracked	96a3a9df295cd332c6f853e10430a11d1b9f9ff1689388611a34bbacd6c55ad9	4626	a-canonical-contract-shared-lib
file	services/orchestrator/tests/rcr-http-offline.functional.test.ts	untracked	06afd8658bcbc77dfcb0d551bbc6965ef00270d3e6b16d5445fb54c0a8c49432	10508	a-canonical-contract-shared-lib
file	services/orchestrator/tests/rcr-luna-http-encryption.test.ts	untracked	1ad7eecd222368209f2d667a8bcb3caf0c1ad48128023fb525d822bc33eff758	7481	a-canonical-contract-shared-lib
file	services/orchestrator/tests/rcr-luna-verification.test.ts	untracked	c7b62aaeb4ff2fe1d131cf22c8858950ce35ed379aa3d278d4983c481daa8b28	22059	a-canonical-contract-shared-lib
file	services/orchestrator/tests/recipient-key-registry.test.ts	tracked	5eb49ab85a2d1d496090f0defe6c01c8b6f3974b8dadc3b5f7aace7529d55810	35249	a-canonical-contract-shared-lib
file	services/orchestrator/tests/redis-session-repository.test.ts	tracked	000920e2aa1c2ba430ccb41afff7e5a1ebc2a6e80b11f9813c8c011dafdb7262	14843	a-canonical-contract-shared-lib
file	services/orchestrator/tests/request-redaction-http.test.ts	untracked	df6259fe403e7c176dda99b11a763ccaf0ef0a93c480b3f4e77fdc43662480b5	3228	a-canonical-contract-shared-lib
file	services/orchestrator/tests/request-redaction-persistence.test.ts	untracked	1492413cce7fb25872f8998feeb20c24741162258925c42eba26c743692a55cd	2271	a-canonical-contract-shared-lib
file	services/orchestrator/tests/request-redaction.test.ts	untracked	20f84f4b5d4c9f01fb784efe3d8dfca4e0b4725eeddb3fa38b0359939c3df488	6949	a-canonical-contract-shared-lib
file	services/orchestrator/tests/rfx10-seed-gate.test.ts	untracked	55a4f75582cdbc26af5186fdaa4aa6054aea4e8ad8572fceb1f00b67b862da34	9278	a-canonical-contract-shared-lib
file	services/orchestrator/tests/rfx11-12-route-hardening.test.ts	untracked	b3103282cdb98987d28553ae44a97838e46cc158269a9d28b01f7f5d67c141f5	9560	a-canonical-contract-shared-lib
file	services/orchestrator/tests/runtime-admin-auth.test.ts	untracked	5f0814b34b4cbd6575746f17b2819f6e50e102ec1e6d1b1fe3fdd672bdf514bf	8207	a-canonical-contract-shared-lib
file	services/orchestrator/tests/runtime-encryption-metadata.test.ts	tracked	2a17e534c0ac8cc7e97fde93fc64ef5e4f3b7f864569019c3fabf4c468a5d578	54589	a-canonical-contract-shared-lib
file	services/orchestrator/tests/runtime-facade.test.ts	untracked	0c93a997ca66ce405c22a6988bc7eba9cadde3df247027ed6140a65d66dd464c	11868	a-canonical-contract-shared-lib
file	services/orchestrator/tests/runtime-health.test.ts	untracked	6afd034204d4923a21322315ae8e2e157e29e766ca67bac0567af0d168534d48	10492	a-canonical-contract-shared-lib
file	services/orchestrator/tests/runtime-hitl.test.ts	untracked	c770dee84ab13efef9ab4e7242adfbef50e5d093a5894d5155ecd2618345d40d	20426	a-canonical-contract-shared-lib
file	services/orchestrator/tests/runtime-lease-fencing-offline.test.ts	tracked	5cd40ad6a3a994a6558a90e2d32e8907d407b28b93ea8c3dcb8b354ad1b66a3d	25164	a-canonical-contract-shared-lib
file	services/orchestrator/tests/runtime-recovery.test.ts	untracked	f15d38b6cf1f9106b8d3654e40b7e0244b44b58651aa4c3662bfd4d00ae2feb2	18006	a-canonical-contract-shared-lib
file	services/orchestrator/tests/runtime-version-lifecycle.test.ts	untracked	3f361172344ec187cda22330c5e38a60f10559a8bf7d8586054947264e385203	11469	a-canonical-contract-shared-lib
file	services/orchestrator/tests/runtime-webhook.test.ts	untracked	a4f169c95241d395dd9183d1d1a88931111c3c5c2d78f7795271785e3a35c048	13539	a-canonical-contract-shared-lib
file	services/orchestrator/tests/runtime.test.ts	tracked	da62779ab1fa06ed9ec20421ee026230eed6b91d955b3783464819f2dd1036c7	77772	a-canonical-contract-shared-lib
file	services/orchestrator/tests/rv01-loopback-http-offline.test.ts	tracked	dfa64008a9d96686163224d8000e2e4f78239b7c168be923770b492f7053ebc4	55961	a-canonical-contract-shared-lib
file	services/orchestrator/tests/rv0104-live-encryption.test.ts	tracked	c24df958cb2d89a8ddffd9573a9ce020ae10fc1da4e61e0cccc4cdbb0f739c6a	13334	a-canonical-contract-shared-lib
file	services/orchestrator/tests/s3-multipart-storage-offline.test.ts	tracked	9a2b439716e19beef04b62bdd6e1f65dd558af3524b205e8471be56ea8521c83	14377	a-canonical-contract-shared-lib
file	services/orchestrator/tests/s3-multipart-upload.test.ts	tracked	bb0289d6a1849bb052aca6cded5d82e4f27e55e9c5f2f0b8f714715499fba21e	11704	a-canonical-contract-shared-lib
file	services/orchestrator/tests/s3-storage-facade.test.ts	tracked	a35f4d75c36dedd98ff55c69bb5687c4dfb47144f40141a8ec58d7d9a610684c	12026	a-canonical-contract-shared-lib
file	services/orchestrator/tests/session-store.test.ts	tracked	7a3dc22edb7c24ea4eddebb2e42b32f9bb31fea47b7248644364a8a856c9b2a3	11240	a-canonical-contract-shared-lib
file	services/orchestrator/tests/storage-migration.test.ts	tracked	126a8fa04a941fde89640366c0975ce7210962085febcf978120c6684e1ecee4	21149	a-canonical-contract-shared-lib
file	services/orchestrator/tests/stubs/fake-redis-gateway.ts	tracked	89435b2c1f3975f56dfbc890bac79c9bb49a78774dde20143467a669b5a292cf	3678	a-canonical-contract-shared-lib
file	services/orchestrator/tests/stubs/mock-oidc-idp.ts	tracked	22dec867f241270ee2ff9a8e443c21322e8e4105684a65ac88f2f6923577b01c	12449	a-canonical-contract-shared-lib
file	services/orchestrator/tests/submission-metadata-crypto-e2e.test.ts	tracked	b94553059c5b85757b1f0931c0b657d406a3a6640fcc2755de54c3e83af4081b	29368	a-canonical-contract-shared-lib
file	services/orchestrator/tests/tapi01-closure-offline.test.ts	untracked	be2ede591e03618fa9c98acc7c0478c27636c88410f38d4a829300a79a25cfbd	16391	a-canonical-contract-shared-lib
file	services/orchestrator/tests/url-ingestion-backend-failclosed-offline.test.ts	tracked	4f87bef5236060b88272bb67fce511b06265caa4a29c40c638bd39cf57e99600	5834	a-canonical-contract-shared-lib
file	services/orchestrator/tests/url-ingestion-consumer-offline.functional.test.ts	tracked	dbb7cb91e4df9313eade843ef097f974963c38cb93aed0a22fe0e6103e805a04	71839	a-canonical-contract-shared-lib
file	services/orchestrator/tests/url-ingestion-offline.functional.test.ts	tracked	4f1394d16deebdb282587efbced9da2689521b4880ba01798420acd3b68789fd	3792	a-canonical-contract-shared-lib
file	services/orchestrator/tests/usage-aggregation.test.ts	tracked	2fe007369a205456c9aff59cbcfa7f9f1b9f768682357fcd82c1fe7aa5236170	5093	a-canonical-contract-shared-lib
file	services/orchestrator/tests/usage-contracts-integration-offline.test.ts	tracked	732b35f97573db61b99d08af4a0a2ca83c442e657891a741452e1f10ec1c04ed	16860	a-canonical-contract-shared-lib
file	services/orchestrator/tests/usage-drilldown.test.ts	tracked	67926e8431e03465ff3f32b76154f4f67e161dd9d7d60eddeb0526116f3f369c	12858	a-canonical-contract-shared-lib
file	services/orchestrator/tests/usage-summary.test.ts	tracked	8b4af23057e4bdc1c703983d0ffba583105de6bb31266585892579d26ee4c925	17041	a-canonical-contract-shared-lib
file	services/orchestrator/tests/v1-boot-typed-denial.test.ts	untracked	1f9953e0003bfa932f8e66c421b307ad417572cf354d5a63df997db54d0247bb	12062	a-canonical-contract-shared-lib
file	services/orchestrator/tests/vault-kv2-writer-offline.functional.test.ts	untracked	c62b055588b0495ff42c7752bb074e8f7d952ec5928c50710bda442b934d5c25	7910	a-canonical-contract-shared-lib
file	services/orchestrator/tests/vault-live.test.ts	untracked	16b57aa795b1554a3fd98d59fce7508ecc93f229864c78206fb09645c7cc3079	3483	a-canonical-contract-shared-lib
file	services/orchestrator/tests/vault-transit-provider.test.ts	tracked	d5dd94d558ae09493ed3b7a0cfc12144167a4a50cb7ae2ab740b06e12657f6c4	8851	a-canonical-contract-shared-lib
file	services/orchestrator/tests/w1-sub02-snapshot-secret.test.ts	untracked	d3b51ad2cbb49a7b49e3342ebaf9f2d774ecc42b9d4366b9f24ab083ff7c37b9	11208	a-canonical-contract-shared-lib
file	services/orchestrator/tests/w1-sub03-sourceurl-extension.test.ts	untracked	5ef1e24e0bc6a4b458cc64978afe9ac06bbe867f5d1389ee1dc1ade8ca504e05	6326	a-canonical-contract-shared-lib
file	services/orchestrator/tests/webhook-delivery-encryption.test.ts	tracked	46272a28cea1378319e4ae8ce46bdaed8b910f5e93e06c1c2cb3c723abb5d0d5	12349	a-canonical-contract-shared-lib
file	services/orchestrator/tests/webhook-error-boundaries.boundary.test.ts	tracked	4ff9fb4e2a14639e66b1de0d7fe3eab72a27e17485acf1ef3a60b9d242bb920d	41411	a-canonical-contract-shared-lib
file	services/orchestrator/tests/webhook-reclaim-fence.live.test.ts	tracked	5b37fb71f3d0a43ef158599e7110defd68ff22890785f37b0562af53bb9f9b1d	9470	a-canonical-contract-shared-lib
file	services/orchestrator/tests/workspace-reference.test.ts	tracked	845143342d8312bd37e766d75e96228546503a5334c5efb10b361e8018b46197	7247	a-canonical-contract-shared-lib
file	services/orchestrator/tests/wrapper-fix-812.test.ts	untracked	3424eafeb6d8dfa311644f4b64d8f014074e32ab392727bd22383ebf9061b21e	6434	a-canonical-contract-shared-lib
file	services/orchestrator/tsconfig.json	tracked	e46ec007c15b12d2878f1f47d301a570c5e6ad377b4cdff30bdde38c745774fd	202	a-canonical-contract-shared-lib
file	services/orchestrator/tsconfig.live-tests.json	tracked	dd478df1f01537730685a2d299d0cbf92ffa97d3bf2f8b894a704c1ccaba7be9	406	a-canonical-contract-shared-lib
file	services/orchestrator/tsconfig.pg-tests.json	tracked	5801a4b0ec735743c5f1b3f29c8a91b896143c79c354fa09408826f1296cfadc	240	a-canonical-contract-shared-lib
file	tests/browser/package.json	tracked	e2ec78fc498f4e0f38dc89c09274a517cca5f43bf8cb94c81cb9c8ba6518bb8c	595	d-infra-ci-docker-compose
file	tests/integration/jest.config.cjs	tracked	e2e4e41e8cb0c2dc86af7a3621c356bff8407e66d5d8a070b9d2ff7fc9da793d	190	UNCLASSIFIED
file	tests/integration/package.json	tracked	273af1c41c926371818f704cb0fe45bc826511dd3b6a158bf2736caf29f19aea	594	d-infra-ci-docker-compose
file	tests/isolation/jest.config.cjs	tracked	ea899b7ab09162e5d7eb255637414288ccebac938cb87a48f35dc6cde4d9cc9c	357	UNCLASSIFIED
file	tests/login/jest.config.cjs	tracked	7feaaaf896e6520349a628e6827f8fe901bbf98f5bec9445913ae97f95653354	182	UNCLASSIFIED
file	tests/login/package.json	tracked	0a08e126d0f00392a94568246b2536aad963b2cb836984712a352ab98f6ce5ab	450	d-infra-ci-docker-compose
file	tests/unit/jest.config.cjs	tracked	3331a76803b3738cb85fdebe4addf6b19f5e8c40230336b1f435e9c732e22b27	297	UNCLASSIFIED
file	tsconfig.base.json	tracked	2dfc78d81ddb74639ac4772d04a51cb9f4e40369c0dc7c432b2dab593aeec41d	492	d-infra-ci-docker-compose
