"path","sha256"
".agent/skills/api-designer/scripts/api_gen.py","A8EE3DFE7AA64911276DBCE322DFED568A12C6EFD4D43268F695FF937089E45A"
".agent/skills/architecture-auditor/scripts/auditor.py","5F1BC75E471520C38CAAB4D0B6EB5A64FB130B97C03F9F15AF5E805FC37D1DD6"
".agent/skills/brain-manager/scripts/brain.py","AEFF5223A90103AA751515C161257B85CE4B20EFDCE00F3BA7C6BB55D9810C15"
".agent/skills/ci-cd-setup/scripts/ci_gen.py","A171F95E91A0FE1E9C910E2BE479A6CEF0167B7567A49CC9E0F9DD4FF4B09479"
".agent/skills/codebase-navigator/scripts/navigator.py","7ACB4D25143497C55D1E008AC4C93DD5F6EA5C53A00BF34E5CC031365CE9CFEB"
".agent/skills/code-reviewer/scripts/reviewer.py","F8D4E4483F1C763EC2F2871CF7FE21760B713547B2274D7AA12320EEB407F398"
".agent/skills/color-palette-generator/scripts/palette.py","A03124C865C6FEADC40ECE90EB5341F03CC5D4BFC67C0E3A7194AA8900539979"
".agent/skills/context-manager/scripts/minify.py","F163B21C8799FFDE66F8F7C044F6778AD57EB7BDD8F9289101171B46C2C2711D"
".agent/skills/context-router/scripts/context_router.py","F7F26E5C02334C5C8543C03B3AF2505F9E77331ACE9B5DF473069B3CAA4D2199"
".agent/skills/db-designer/scripts/sql_gen.py","6BAF7D977CC410EA3C60B434B6F657FF96A6B9FE55C770003A1F48DE149A82D9"
".agent/skills/diff-applier/scripts/apply_patch.py","3D6EE63A2E465B488FF7050191AAB7486510DFC3A3341DB70094672AB367AF6B"
".agent/skills/docker-wizard/scripts/docker_gen.py","9E673111E185D9B8E7F1E5E37AD8F51199F8AFD56935457E77EBA9032C3BA111"
".agent/skills/env-manager/scripts/env_scanner.py","FA7FEF933D1FD0F1070AB7ACB12DC567C0FF858F2018DFC32819FBADEE3C61EB"
".agent/skills/git-manager/scripts/commit.py","E35067EA0B65F64690476C59F5B92CA0FDD24C1E26ACAFD161FF8477BDCFE8AD"
".agent/skills/git-manager/scripts/log.py","3BEAA44E52ECE27B10296D4C20F66BED388835361D2B01A6C0AB52F9CDBAC0D8"
".agent/skills/journal-manager/scripts/journal.py","EE38F57427765C23D38A2989B2F6EE98F2FA878096EC1116C85D4BD9F6E697F0"
".agent/skills/knowledge-guide/scripts/note_taker.py","3B9DD2CA7C44A248A343818E9F9A93019C2B901627502E5431FAC17A19D313A3"
".agent/skills/project-scaffolder/scripts/scaffold.py","69689A22EB8F18BC9F51E647348EFB2E74B34D93126A16F1D1463223F3F7D9FD"
".agent/skills/security-scanner/scripts/checklist_gen.py","7D602A56F46F506C2AF510EE1B0EC416D304E1044944D50B4D335B1F12CA5CFA"
".agent/skills/security-scanner/scripts/vuln_scan.py","4A23D47B1C07302BE1DD69CB8B621EC3371801FC93F7A83D844E90BD56184E6D"
".agent/skills/strategic-planning-advisor/scripts/strategy.py","EB1A1A8ECB703F6AB3B3C2B27FA138AB38E3B6B3F3997C97183FE7FE86D7E2DC"
".agent/skills/system-diagrammer/scripts/diagram.py","85CC1E3D491DEE9C0D60216129CBD08367BA089B5E2DCAECA137BFD70D575BEE"
".agent/skills/system-strategist/scripts/strategist.py","780D7C08D5D8C90D7A7F741B83AF28EEDE4A832BB9794C43CF7F8088018ADFA7"
".agent/skills/task-estimator/scripts/estimator.py","AAB4E001096AABAE72F79F8569E49AB749E591AE0D43404E486DCC108456F381"
".agent/skills/tech-stack-advisor/scripts/advisor.py","DEFF17EC83954614A8241FA6C6005FCF5201183365D41AB2E6A1CEB08F448325"
".agent/skills/tech-stack-advisor/scripts/scanner.py","E6DCB4693DF2377C1123DB769FD3DFA30353F3153C2B22999A1FD6D2F76B7787"
".agent/skills/test-generator/scripts/gen_skeleton.py","3AF102DFB142B9F346E7CEABC38B73701FE1820AFEDB2843E2C15398356F3112"
".agent/skills/ui-ux-pro-max/scripts/core.py","C1DFB71941C7C2D822F21FC1E2F26C5FDB9AF52B7EFBE906917804346EBA17AC"
".agent/skills/ui-ux-pro-max/scripts/design_system.py","D2B002E40788B57DE2D0F4D5E4410FAA801925109E5DDB60C8DD6487E0889836"
".agent/skills/ui-ux-pro-max/scripts/search.py","5478D9CC6B2394584601418DC25B5D593A4FD486E8D0ACC6DF92F081EB951FC0"
".agent/skills/user-story-generator/scripts/generator.py","FD7AD704115DAF7ADF7FDB265A9BDC2A5A92FBD5BD2854AD7DF94A4BC28D041B"
".augment/skills/bmad-distillator/scripts/analyze_sources.py","7DA11ADF8715520D2088B4C218578BBA16D0222C9934FC601CC2AE0FBC7BCBB9"
".augment/skills/bmad-init/scripts/bmad_init.py","3C181B80B617D851F4A2899C32EBF1C5BF5F6AB1F5D87071A1C06C22C5207312"
".qwen/tmp/append102.cjs","3E2F2DA84D65F128AB4961EA3E0EC35E0C26B8BAFE068D337E51723D43E60C20"
".qwen/tmp/append108.cjs","A583EF1C076B2469E4343D2C6A6BF119E7470A350F85C3E4ED521BC5BE92E4A3"
".qwen/tmp/append18.cjs","5297C55DF353152ED41670AE92B8CC2628F4C40441DEAFDDAF3E01E7C83B4DD5"
".qwen/tmp/append-add17.js","FBD18BF543789E5165036842F11B58DEB5D9CB3F44F59A20990FABCCC8C1B4B5"
".qwen/tmp/append-add2.js","442EDCB550DDA8008C39DEC9B3A6FA4609F881C9DCD10DE5B1431D4C30AA2A90"
".qwen/tmp/append-appendix.js","F21A154C044910C131C21310031BF6B00A34C83D8DB0BFFC142E2C302AE572F8"
".qwen/tmp/append-muc13.js","47F685688DC8619C1C71DB2DC2DF764B3D86FF795CA8D06B13F552839956E7F3"
".qwen/tmp/append-muc14.js","41433FFC60A8107F828A57EF18D1D449091E6EBC9C4BB62FF414966F1DE8AF83"
".qwen/tmp/append-muc17.js","3680AC14B3500F74554B2A7EB40FDFE4904081C12670B8C503A8D5520A6CFE60"
".qwen/tmp/append-muc18.js","796BCC49AE5F7ED124D71906695D21215A1BB7DEF36C11BE674445AA69065CBB"
".qwen/tmp/append-muc19.js","149ECC820323BF3F9A9B0C377A9E9C67957EB45471837AAA225C1D03E29CA882"
".qwen/tmp/append-muc20.js","C36E235424A4A40669703795DC745E90D05536D2F9E51C5E7544E5D6CB42BE16"
".qwen/tmp/append-muc21.js","8A3AC17361A73C2FAEBC9BB0C26C695F113BD25608E5EE774A36C0BD89DC4671"
".qwen/tmp/append-muc22.js","08F5B1D50A5CD66A6B2BED1C26F1D177B1AC5F7402AA41F4B59682833512A0EF"
".qwen/tmp/backup-f3.js","C447F8D653D313C4FD6D86F7F841CD78C9941521483CED77B9559191E733D3F8"
".qwen/tmp/bak-encryption.ts","395E08800E3E7D6B2131C36AE85B41B70289F6C38B1970803101F266EBB7342E"
".qwen/tmp/bak-runtime.ts","71C0458E623BE09F7A8E862F4B4E85D98AF1F9D3582579F9EE77441F65F64EEB"
".qwen/tmp/check-enc-dir.js","344851488E43311D2DBC2F5BF4A119337F658C19831A548B614AE08F6CB4560E"
".qwen/tmp/crypto-storage-pristine.ts","CC7DB5690A56DA71B468CD3DE421B3DED864293A5228AD45BAC83A568A058E0C"
".qwen/tmp/d03-baseline.js","63D53050B724059EA17EE8B4FEA3DB7C02CBBEFE98E24F895077A725F5EC76DB"
".qwen/tmp/d03-restore.js","1F736B042D680A30E286A4723DD03C7FB56C09F2580AB363A85E92D23BD83F62"
".qwen/tmp/d03-restore2.js","3D55DC086AD6C13A4B7A6708EAFE784C4378FC5DD8265CA39B5117BF6F66226E"
".qwen/tmp/d03-sha.js","7BFDA7DDC6CBA30DCFBF15C624C56AC2C2A78BA496EB97148BFA171BC98073E9"
".qwen/tmp/d03v-aeb.js","B79A48B062B2CBBE88E534CE020208BDF8454D24A0D5309FF926DE599290E246"
".qwen/tmp/d03v-append.js","5753C01C0165E993E79F66DCCE4AE0943B7BFE9BB64990A362FE098F54010EB9"
".qwen/tmp/d03v-baseline.js","808751C6B8C571DFEA92FFD294C47FF1A68281331D307EBE7F5AB142D51200EF"
".qwen/tmp/d03v-bgcheck.js","A2347687CFB858A65E4EA29D269E1069AF5E999E519AEF1EAAEDDA956DC24918"
".qwen/tmp/d03v-count.js","6A087FBB972F9AD8091EC3AAFF6CF369C0915F9F47EDC95C917BA9F775D83684"
".qwen/tmp/d03v-final.js","341DEA06B7F858DD14B54C77E69107C016F808DE4F7CE82AD11A5469471DD2AF"
".qwen/tmp/d03v-fix.js","8596E9C62687A726ED77A21C470E18C63CDF8BB415E87E27D5B83ECC214BD3BC"
".qwen/tmp/d03v-fix2.js","0C44703F1AC69010F942D69566EFEE4DC950B43C73ECEA46C0AF1E4FDA244879"
".qwen/tmp/d03v-fix3.js","15E4F588C5DF72E10671B5EAC790D9EC0B5A283BBA967069E615CC5D7E92E72C"
".qwen/tmp/d03v-inspect.js","F79829D9383332BC5ED6D35F2610BA0B54870CA9F1F44BDCBE204CF8255CCA5C"
".qwen/tmp/d03v-inspect2.js","562C37598B060BD2DB1A932A28202DCE8F9102366CC509E5003567B95AC1C44D"
".qwen/tmp/d03v-mem2.js","1D0755DA697C4CA2F4E12C68FA5151E3B24D7893322455DE59208FFD4CBF84E8"
".qwen/tmp/d03v-mtimes.js","FF60A4E9BE3B45877C25C9814849ED6E97C76C83E09A11AC688E9DA8B6F928A6"
".qwen/tmp/d03v-nl.js","2482C1911937A1E608E2141BAB930E2C1C3212D67E7C1604D0C490593C0D1212"
".qwen/tmp/d03v-nl2.js","FBED7529A33FB2A016BEE8E1ACB645D79810BF316208BD90986DA6AA7EF197BC"
".qwen/tmp/d03v-poll.js","D7F776C6BED307A3E34E60731C946F8213EEBDC2D06978B2A0A21F80A0BD8FD4"
".qwen/tmp/d03v-read.js","FBE631ED566E0275B783C25825898C045150D010B5642C0AFD9E0AE126C1B881"
".qwen/tmp/d03v-readfull.js","BF307D3A5741DBCC9B82F35EBCC3940DDC1BAED03608A0F929CFAD11C51D64DB"
".qwen/tmp/d03v-readfull2.js","7F8777BA48E5AD617F5EA9F1641BD265BA028AE7A51EEF00B527119321C9BFAC"
".qwen/tmp/d03v-restore.js","CAC8AB1BCF953C51AA06950C348912E2BDA90660D153071720701E6D77A97E73"
".qwen/tmp/d03v-rt.js","D9E06AC511A0CA12B9C0E41596E141AD8923F2871721428E39330FE436D9EE85"
".qwen/tmp/d03v-sum.js","289AAC209EB3BC015667AD7F46EAA36A7F28215CE88803EFF5EED95ADC245B44"
".qwen/tmp/d24-append.js","12B794F14D7FFD7EBB7685C89440533E7255D113375135EDCD187A48B6A7A1FE"
".qwen/tmp/d24-fix.js","E2B6CE6D40B7D38A1AD142A9335416A358AA8ABB0956E90680709E5104D22ECD"
".qwen/tmp/d24-m20.js","CF1160772A89FAD65B3C0A897E19AE12E5D408BD619C24D59F7821ACF4DC930E"
".qwen/tmp/d24-mem.js","7DE1D17818340F320CD49B0A285F15600950F1CF27D3A070ADB585E71B39202D"
".qwen/tmp/d24-rm.js","4CCC380DB19781B3DA3C4E3C6AE737367AE5CE45C54CF8C0F0B1DDD41E3D7A92"
".qwen/tmp/d24-scan.js","1FBD94C8E3C3203A182CEE28A075542A95A0892CAC3A1E847C911AC36D9C7CAB"
".qwen/tmp/d24-sdk.js","BAAB433BC1346ACB907AAF8403BAFB503FEC633FA5151DFC8213BB23F485770C"
".qwen/tmp/d24-sdktest.js","8C564E81EF6AFC5F541772FA053FE209F6541644C50F2B8FD5D12754A9A09DB7"
".qwen/tmp/d24-sdktest2.js","8EF4C6E868F82CAE964C04C56C6150A648EFDC0C4E5363E9BF8891A2C75049BD"
".qwen/tmp/d24-sev.js","AC9448B20463F9532AB39BDEF1F14FEDA9616322DECAE6A99ECE91194EE24385"
".qwen/tmp/d24-verify.js","AB91EFB0DBB2FF5D9A08256ACE85219DFF1033357C691AF2A799075519D14CA3"
".qwen/tmp/d25-anchor.js","04BC72C72017AEB26F0971BEAD1B334418316848D2130B54E4CF57A24201BE42"
".qwen/tmp/d25-append.js","5CB90262BF4F592CCD9DAFDE3BF7F580B8194AC8F04DF6738D32CF0554EBDDAC"
".qwen/tmp/d25-apply-enc.js","08E81488BA325B4AE530DC25EA3AA7C0F769D96F9F53B939ADFF2A484AE09107"
".qwen/tmp/d25-apply-rt.js","2BD69DA30627B038677A5C6E0379F9B1D446342BFC50AFC7BB06500A1523CF8E"
".qwen/tmp/d25-apply-rt2.js","5C13D1EBBC0BC12879C6ADCD10FEEAA9052EA91D1C5679BF2A0BF864A36AA254"
".qwen/tmp/d25-bak.js","CE42DF1BBF7E571015353823B57F3B8FDAF2544262EC997A11713B737CDB5D70"
".qwen/tmp/d25-check.js","4D7AFEBC1C7DC94BCCEFD3CD820C5F87ED7CA29F02F2EDA199701C61984D4695"
".qwen/tmp/d25-enc-add.ts","0C71AE8BAD08A3C3A4E95708CD80B90F66DDAF749273996DDF58415996BDBD99"
".qwen/tmp/d25-enc-snippet.ts","BB64DA225720FDAED5FE235D19B1125C503DD60946B5F36A1726D2F52026487D"
".qwen/tmp/d25-fail.js","5DBE75EA91DF1038C9DFE1958ADA3EFBD9DC05B53718C03BA689531C3FC941E9"
".qwen/tmp/d25-fix-test.js","F713185D60552EA03B6D9D35D89373967BCB4A5DD7644BFE4043FD637A988712"
".qwen/tmp/d25-fullread.js","3758F5FB6C4AF07239E6541BA4406F132E58B478098743BC3813C72457746356"
".qwen/tmp/d25-m1.js","864076F8300508CB5F1A51B9C6FF08C7A5F270912FDF6FCE0B0173C99ED53CB5"
".qwen/tmp/d25-m1read.js","9CD7F5ACA8BD6BBCCC25323FD9569309FB6E8AB016100E4A991EB02903113BC7"
".qwen/tmp/d25-m2.js","E14D1132A34ACDA858F2B8DD672B02A117F47EE1D1AFDFD4B4897C0E82728222"
".qwen/tmp/d25-m2b.js","0BF405D2E78E452AA27A5BDAF5CFC1FFDBB7001A0EBE27BF9E361A7B1E129ADF"
".qwen/tmp/d25-m2c.js","6C02BB8BA3DBA1006D6498DFDD9A9C2157628216DB117F5AFE847E603997CBD5"
".qwen/tmp/d25-m2d.js","E74261B173353796B9664F7BEC233FB8EA718D878CC09BCF9D8D83B255178B20"
".qwen/tmp/d25-m2e.js","68469592E6C028246814D38F238E5A1483E793462D3ECBEEAF7CB3F4A2143AEB"
".qwen/tmp/d25-m2fix.js","ABBD0278190D3E7B1F5AB5C296EECA5D81B1B7268D932BE1EBF3A1C739BAB5D6"
".qwen/tmp/d25-m2fread.js","E16B9CF89F9748ABDA36CEAE2B1213DA0E2A9BBF0964FF4CC9838D388AA24B33"
".qwen/tmp/d25-m2r.js","EEC71EB470950939D7B40D947FB2E6877B63F659C5F0C71E4BC15CCF8CD64942"
".qwen/tmp/d25-m2read.js","85B1FD12BF2B199CFB06F167510CBAA842EBD88247634825A81ACDECD8E5ABDD"
".qwen/tmp/d25-mem.js","1505DAC3A6A87B4121325FDFD7FF7A78484AAE7EFCC50B39956E4417C7AA9BE6"
".qwen/tmp/d25-mt.js","0EE05FE9D4238EC26D31D983A9803F0F401E7F5FE950AE1A9DF2646E8249DE72"
".qwen/tmp/d25-numstat2.js","9F724B0A8972768CF8C2255EF3A89AFE8915EC890A9776A9A239FD2D32E6D68D"
".qwen/tmp/d25-read.js","ABC175E199723E4AC7B849CEEC4F50FEFF8AB96DE1875EF3E6D0E7CC41B45B90"
".qwen/tmp/d25-read1.js","74557BA2B1A4607191A9AF8E0F77640370DD9A098D156236DF6C1F701AFA3C5A"
".qwen/tmp/d25-restore.js","CD6F7180D241F0794AFCDDCDB256D44A921706A4536D3EC015C4E784E6B8F2AD"
".qwen/tmp/d25-rt-add.ts","89F52B754178156478F263954C75F54A2DC7597B29D0855D0363F1A550BCEC8F"
".qwen/tmp/d25-scan.js","6521B1B34DE0A5DB0A845EC731D34D6287AA1C682591D748DF4351AC80E73071"
".qwen/tmp/d25-state.js","BC04DE3FD0759AF46C09360EB400C70B11B4A95F093AB56985DC2C4BFE98F622"
".qwen/tmp/d25-tail.js","E0EA3777B69D21F72E43A66811D97BF7B571798B9672070274225601AC1BA241"
".qwen/tmp/dc-baseline.js","5FFAB2F6ACB2340281E6296337336E70B05260A01C91577DE59A998107BF1577"
".qwen/tmp/dc-ckpt-pristine.ts","A7C52FF179E32A5EFED4EDC70C3960952FC4B0FCB3E0232BB760EC961E883F66"
".qwen/tmp/dc-restore.js","302B7B749FCE39419B76067A59C0B1C1B4B0D240F7772C73A3F93E4AC0581517"
".qwen/tmp/dc-restore2.js","D76660EC4AFC579FA15EC662BB8D81A075C25EEC226F25623683096921AF533B"
".qwen/tmp/dc-sha.js","6D52B092D4099A1A4243A8588906F6342EE7395E2BF62DFF0D4DAB56FA5509E5"
".qwen/tmp/dedup-row15.js","3C404F95D9EEF5FB5C2545E709744F5860A40CD6CA0AAB4DDBC0D91FEEC33F18"
".qwen/tmp/drafts.js","9A69F388B5A85BAB89800F149154B9E67DA03D80F9F4B2DDF9EC8D541CC6B617"
".qwen/tmp/drift-check.js","5BFEDEC378039AF69C1F150AA74180C03F24E1DDFBDE8145968A137BD4E08B71"
".qwen/tmp/enc04-probe.js","5699F671731AB4166C67184BA9302CCA362E81AFBCED1D0954347FF7B49FD9F6"
".qwen/tmp/enc-meta-probe1.js","42D025947639547794445498D35867616D186BF59B5FEDFBF961B50E053AA292"
".qwen/tmp/enc-mtimes.js","CF5B96E6EB52CC9757C0580EFBEB75F5AA6761166CB88480B572A0160A4DC2B7"
".qwen/tmp/enc-sha.js","3CCCE24CA71B888C70E7259ABB77C4EA9F8079EC1DD1EFC3C554F9C17B50BD38"
".qwen/tmp/enc-sum.js","844FF1EE3096DBA37CF24C487C24E214D7A84D2792D9D91C325B153E9C553730"
".qwen/tmp/eol-check.js","10AED765D7781F880A30DC0FB207A40E66DED252A598816235DCF88D96A7EC99"
".qwen/tmp/f24.js","34140B71CBB531F0062A9A4C4F6EA4FAC00B387382AA68FD757A57E12AEC2F4E"
".qwen/tmp/final-sha.js","CE1094241D0933A5DF3EE8D016A270238A7CF6BDB5D84F3B3F39C6B4E0CDAD8F"
".qwen/tmp/find-probes.js","6923577E03D6DEB1D543F2CDF0C75E85A21FF80851C8F6DE75C21F985F616D6B"
".qwen/tmp/fix-date18.js","DDF8D2CFCC8DA0F0C402706390A88A0AE3DB04856E8CB9B1F783F281E339BA78"
".qwen/tmp/fix-dup16.js","2506B6A4496206AA7D775EE02159FC378BA9B3D01FE133399DB54BE9B5454FCD"
".qwen/tmp/fix-hash.js","C184BC360AA5774AFEECEBCBCFD54123321EAD92E47DD30F3A4E1AAB9B582A7B"
".qwen/tmp/fix-ledger15.js","019CC92399CB78F2300C11963A242D5353FE7A4D287B109EE8B5FD53CAA2C83F"
".qwen/tmp/fix-p3.js","BBCED93753A83114919CB9EA928D2C74A7390215E98CD41076E7D2F88B438865"
".qwen/tmp/fix-parts.js","A1A732D322EF54F50E341F66EF16A6B6D1405D8AF4AF01BE272B880AAD8F3CFF"
".qwen/tmp/fix-seam1.js","D65A5EE6A3E4CBC340F0F26B479A2F1136433FC8D310FDBF6E491353D8C17FB2"
".qwen/tmp/fix-seam-imports.js","C24957DA4FA1919055D10EB36A9958355AE2AB8F636E2025B8F9335FFC54A15D"
".qwen/tmp/fix-seam-test.js","BEC2711FFA1CE145FFAB0D65F2D791CF51D4CFE8F0AA8CDA56D4125F3D32B6D9"
".qwen/tmp/fix-seam-test2.js","3D7631A8322B3E61E01F56A952DA1AA9F3DB78EF7A09180FAC6D7BDE7B700FB6"
".qwen/tmp/fix-seam-test3.js","4D6096D059B8500F372DFCABBC0793DDF3CD44E4CE0DEDA1E4AD153C4AE450B8"
".qwen/tmp/good-sha-c15.js","A7034D7BEB5BABD777A4D07586E2011A9C5204EB45C7F9B63D2E6AE2D26E8E86"
".qwen/tmp/idx18.js","853C829F11F7D561581ACAA169FA0C2D9000B60B46FC9042ECEC88D34020DE1D"
".qwen/tmp/idx19b.js","3D2F7614CC0D25170AF273F202ED6435C9C72EF4E5E5723BC5EEE32562598189"
".qwen/tmp/idx20.js","384A503E6D99C93042F6B3D5F731B0452D76E856CF76403A5BB0D85B2BD08C4A"
".qwen/tmp/idx21.js","9305524ACBE99125D5B80D4C5F4092F2771A456D7C2E2B2D8E350724B9F4B75D"
".qwen/tmp/idx22.js","C35BA1BD2AA1A924860EC59B179A4E0037F218DDEBA114D486EEC1F310455701"
".qwen/tmp/ingest-d03-pristine.ts","F05634EA020DB752EF6F142326B3F10D6E524B539BA0D175771F873CB0FE5E33"
".qwen/tmp/ingest-pristine.ts","8B43CE2CC7D0EADE2B8E4EB0C298A8C7AE4EB17273FF2B84BF45FF21EFCB4E26"
".qwen/tmp/lanes.js","5F99AFB409D7D3C122CAC88E50BE775462C9F9DBD46E259ED83AC64DA0850919"
".qwen/tmp/ledger15-splice.js","9FF37036286E95428704865161AFF0B373BD510847CDDDD4A662783C7AFA2829"
".qwen/tmp/ledger16.js","3C04A4742F595B075C5C40CA9DDF8E80B8C37C6C5BDE6ECDEC0B92F5D5D669CE"
".qwen/tmp/ledger17.js","0B435266F5F57E14D6296CC776E790F5963101E7F550254929868F8CB2E640E5"
".qwen/tmp/ledger17-check.js","E4925A12F7D564B5CC60878B1AF5636CCF4DB6B3079E7FCE100552D602E146BC"
".qwen/tmp/ledger18.js","C6FA0DEC2BC9D234E5C6C0371CABAF608A97D6F93C5C0D24E277C304E5D2EA3A"
".qwen/tmp/ledger19.js","7B12917909F21F1E71520BFE39A9AF7FCDBD389DFA52576AD84554EF80E0409F"
".qwen/tmp/ledger20.js","C7B4BD8D511E0922D0F8EAB98D46D23BA65B9910DE2930A4DAD5B20C6AFE10BC"
".qwen/tmp/ledger21.js","01438DFE6B327B654187F56CCA48F40712516B2583A3CC31BC36B867166310BC"
".qwen/tmp/ledger22.js","CD3DC17C53365E3BC9E78DF9FBEDD5FD0814CB079827F58CA50F31BCC873001B"
".qwen/tmp/liveness.js","D55048AEC0C64828622077B339FEE6FCEB8E6D4999D7233C8261791F1761F0E9"
".qwen/tmp/mc-baseline.js","6F0713974A07F38E802A79C97FD8449EA6C361EF36F8F5DC0A13323689D7CD37"
".qwen/tmp/mc-restore.js","228DDBEDBD9FED4C79D00F244D335DA09F4E9F4CDCE7CD5CA6B025CC482FF327"
".qwen/tmp/mem17.js","82F7AA2FD5C8586AF835B05FBDD412363B3554830F9DB9DFAF14E74C37153F69"
".qwen/tmp/mem17b.js","2747EFBBEAD1D0EB40C29133EF899175208912D6EC4127E750BDEF8A0230727D"
".qwen/tmp/mem17c.js","ED1FBB20AF37C47DDED1B3ADD5D708336C10584261E55838580B02DF5A89C719"
".qwen/tmp/mem18.js","CE217401307F2EFCBE023A9036357E7BB8EFA9EF2133E12742FAAA8E64CD402D"
".qwen/tmp/mem19b.js","D96428F7693C78B8402BAA44B05A9191AD78A1D8519E9310E5FDFFB99E355F61"
".qwen/tmp/mem20.js","369C9BB23DF1C20F10A42534CDB713680AF6801B5E18ECC909F472C15771AC35"
".qwen/tmp/mem21.js","F8B46E73BB276196AEC2A4BEDC06460F2AC3DBA737C0F737AB4EDCB022B82DBE"
".qwen/tmp/mem22.js","65C64EBF933B65E300EF59C554A249BC0833338219AC92A99D60C5817160023E"
".qwen/tmp/mem-c15.js","7133F9208F0AC7C3C476ACCE0C0A03727EB494F2DA3962B2D8EC0DA486789802"
".qwen/tmp/mem-dedup-check.js","4C4FBB3AE27CFF678CAAD460D520B77482D2B68D46250CA9C3B690863ACCF7D1"
".qwen/tmp/mem-verify.js","ABF4A9EA1A3598E678F79258E59F7FB91541D2278A1B446C2FD5617D85BA1F7F"
".qwen/tmp/merge-d03.js","A8FD29768DCE9E275C2C5EAE88F62B78100E7411213458A6DDCA36D295E7BC58"
".qwen/tmp/merge-enc-test.js","42E246213C3615DE53DEDB27C7DE128FC04B1D11DFBC01D9F44AC586693A34CA"
".qwen/tmp/merge-wire.js","350F00FA39442D8B3B83D4FF28D5F006A5BC4DFBF7437FAFE103DF72A7DEAB87"
".qwen/tmp/metadata-crypto-pristine.ts","AA200211680CBBA6F1A8672857E53A2E80778793BCD6B88FE707E4507B9E863F"
".qwen/tmp/mig-probe.js","251BD6BF606F593F22255DB8A5C2F2047D4F385185733DEAD3642EA69872BFAF"
".qwen/tmp/mtimes.js","566976A8330442BC491489B2E35D15F84EA721589389108690C8868F92F9DEF6"
".qwen/tmp/mtimes-c14.js","91BEA0409E0A0DD1342BD5A0489B53B5BD03A6143FB6E290864D200DD09094E2"
".qwen/tmp/mutate-m2.js","CA0502AB0E7176083CFE2B43E9059A1086A313BE22F6B674834CA7D113BA1766"
".qwen/tmp/orch-sum.js","A72C67C8963AB69B023C00BC956D4EAE55A2C68BEB90AD5332244D6E557C496C"
".qwen/tmp/port-facade-1.js","4F43A9DDC14BE63DB5FAEFDEB8E1A4A992CBC6ADA6A11C37DD70CFD414FC4B49"
".qwen/tmp/port-facade-3.js","0FB361DACCE2158CC643D0AB75523B3F9E2BDB4156D615AD6AF3AD89E971C632"
".qwen/tmp/probe-parse-source.js","DDB129B3506D9A7D010693F0408D225E2CBBB4794BA31F2ACA29331BBCA4F8B0"
".qwen/tmp/probe-smoke.js","DFB62879EA7909185FA1F414F590EAE3226543E152CAA621F3EA7F45CC3FBF95"
".qwen/tmp/receipt-probe.js","BFFCAF73C6742EA0BE1E4C3440FA05F91D6913CC82E4FA72296EA445D0D8E7A0"
".qwen/tmp/receipt-probe2.js","EC2BC78EA0170E93AEAD84CF08EB3AC9E366BCD47E76DB135522E40F2DBED122"
".qwen/tmp/receipt-probe3.js","E1C574D23636D234DBB503811C7C5C06993BF827945886D7B0D797C813611743"
".qwen/tmp/redact-probe.js","B64C4D5F50EFC2F28DC80D18868EA001A31721250E323AF59364539945141FCC"
".qwen/tmp/restore-chk.js","0FA93BB72D9C4236B83A76F494D07D84044E1048B564F4B3143C98BF1B3A2D6B"
".qwen/tmp/runtime-d03v-pristine.ts","902185D2C4812DB3F3B902E5D7E738DE361962C528C253AFB707CD5C396CC58C"
".qwen/tmp/screens.js","4939084DD367FD81FB6F4E1FE3DF45F993005637E840BE8AACC5174A9BB8DB48"
".qwen/tmp/screens2.js","191B4B389124314AB330C5C94C8B9E4C61350C2D36D0AD7206CD6BA88484287B"
".qwen/tmp/sdk-baseline.js","2D4853F218D7AE88156D8C7E470BBDEECBCBEBD80DDA8E23236A2B7A037E37FA"
".qwen/tmp/sdk-mtimes.js","0C2EA73189FC4DE337D5135FE60677B8DA994E30C2FC906C0C996F97015DDD17"
".qwen/tmp/sdk-restore.js","B0F15BB8953F17FF828ACA4D0CB351DB97D09FA8FDD80D50E2AFEF835FC8E16E"
".qwen/tmp/sdk-sha-final.js","76042EBBB3D6C35652E3BA5B40239F7FB3A9108B1C04D8BFE939B94311F8291C"
".qwen/tmp/sha-check.js","BEE5386BD0A5FDB6B9C3CA1FD4331D84A89D945573C7ECE65039C2291BA7C79C"
".qwen/tmp/splice-neg.js","AA476D50C0C93FBFD1E40AEA1A5AFFD84D6EE236891FA7A470289345B12CF5AC"
".qwen/tmp/splice-row15.js","A51CBEBFEE7D2C556B53F46D412C21B274A6C2A5BDD943F322F93769CA489F30"
".qwen/tmp/state-c15.js","B310CA0972E14423DDF26838183E700B16A95A3F1B43CE1717DC8A690CD2D5CD"
".qwen/tmp/streams.js","06C1FE8B0F52AC006ACB6E2AB0535173E1C11ECD05F6318E2D0FB424E115872A"
".qwen/tmp/tails.js","C023B62246DA1C3A375AE535BEDBF7116D06876CFF30D94BA625CD27C357B909"
".qwen/tmp/twolanes.js","543BEB80DEC529E002FEA768AEB553645CD8CE7663CE48068F49645EDF3DFC94"
".qwen/tmp/verify.js","9B63D8C4936B6B8E8F7FC4CDEEE82AE61DDA16DBA0E97EE2975A84DF814DB5A3"
".qwen/tmp/verify16.js","C03DFFEB3FE32ABA7ED153E5791CBCDDD5F9AF7C2A75AD0E6C9300D3CF5D2D17"
".qwen/tmp/verify-c14-final.js","D145F35D84B99A23626895BA5726816B5D3C36B791E1FEF7D05957D5EA6F8A0F"
".qwen/tmp/verify-c15.js","AF44CBFEEC580E7C2D1B40765083B331BEB3B56D3FB2D79629BDF5096028C6A3"
".qwen/tmp/verify-c15-pre.js","E4F6F4062A82E413E5328FC2915FA3E00F10F6B1C943C3E5FE81EFCD3E9625EA"
".qwen/tmp/verify-c15-v2.js","C9E071523F58E4F9147ECF65580859DE5542257675CC79BDEBA49AA081A7EDFA"
".qwen/tmp/verify-c16.js","B1BCF6110EE7D663FCC772DB9D69AE6D4456B571E9705AEC62CB9EF14FC681B2"
".qwen/tmp/verify-d32-state.js","A18446D5D779F68CC301FED116017ABDA16679DB0922FA7B5179D4C46135C5F2"
".qwen/tmp/verify-ledger.js","B7C657AC5A6ED8C7ADEEAA60F1FC6C218F3FBAD9414CA3A2CAC55AEE7810A510"
".qwen/tmp/verify-ledger15.js","85F9333FC7B97CA4A4319349CA4FE42131DB92985EB73B4EE057ED289116EA7F"
".qwen/tmp/verify-ledger-final.js","4A7F7B3AB845DA17E85B3F14EF707A57F448009DC6B744B2881709F64B01BC6D"
".qwen/tmp/verify-ledger-section.js","42FCA5BDCF0BEAB07BDB74E9F7072635848AAB09166DD80F7FF318EF86F57405"
".qwen/tmp/verify-receipt.js","72673D7A70B01C891216E159D61C36DED5EE414C4977AA274131CD98B11BB218"
".qwen/tmp/w-ingest-0019-2-check.js","EDDA8B0B728B53C9A50ACBCAFABF0732D684782DB5F9B1B02DC50AE9FD4E2F6E"
".qwen/tmp/wire-baseline.js","242B8CFE749CC78E859352A145EC89E8E14EAE2B2E64A0E2590A7CB8626D8BE4"
".qwen/tmp/wire-restore.js","95FD04818C9839637E695D6898B82796A16D4D7A1492D0CF78B3EB7676D2247F"
".qwen/tmp/wire-restore2.js","16E8E5C0DA936FDDA9C3AB9DF6DE5B2B46152F61AF5A00A803D83609115CAFCA"
".qwen/tmp/wire-sha.js","8B9D2A4D5B1C372DE3D2E0DFAA1708D3C79BCA870444B55848F7439C537ED843"
".qwen/tmp/write-seam-test.js","C2A222F58F6217653C7764B33AC1D1C27C7A8FC42913F35C7A12A072AD702960"
"_bmad/core/bmad-distillator/scripts/analyze_sources.py","7DA11ADF8715520D2088B4C218578BBA16D0222C9934FC601CC2AE0FBC7BCBB9"
"_bmad/core/bmad-init/scripts/bmad_init.py","3C181B80B617D851F4A2899C32EBF1C5BF5F6AB1F5D87071A1C06C22C5207312"
"_bmad/extract_skills.js","211F3337BEA69B75B001AFFB8755EDCC7D785525DA0CE835430CBBD28CC33151"
"_fix_types.py","471450F26584D96B05F693D33AC49BD3C6335F42BFF67D024F59ABA035921FD3"
"app/api/auth/[...nextauth]/route.ts","4A96A062512AEDC76A4833482AC0536059F68FEA6B2BBC092BF512FF8CA4A2B0"
"app/api/bull-board/[[...slug]]/route.ts","2F7CADF0F738E1743F63DB72FFDB711AB3A5FC7A4534661EC3A823056196E9EB"
"app/api/chat/route.ts","786FDF599CD8DDBA440917D96E9E396B77729C273EDE70644F8FDEE3FBBB09BC"
"app/api/cleanup/route.ts","106EAF078C368177BF4B852CC3AEDD3A14F8DDA6A1A567FD43A0ADA070B1B0EE"
"app/api/health/route.ts","4EB15740A4064E48D045E6F0936758A2DCAE2E58654933058D33201B6AB1D563"
"app/api/internal/analytics/route.ts","E8E03C46732CD3368C138D1BB4CC6CDCE93D95C78D165364C9E0D25385144BDF"
"app/api/internal/apikeys/route.ts","304656A0096E929568C8244F665F0BDF5E4AD7F518B1AD3DE62EA3BF0159A671"
"app/api/internal/auth-key/route.ts","505E00D5159004CDE2E12716114B9D14E543A789B54DCFBD89D467C398C826FC"
"app/api/internal/dev-sync-endpoints/route.ts","4869BD0289811FF93A234A2203F1068AC439660E89F9E3DA5C970079D88955CC"
"app/api/internal/ext-connections/[id]/route.ts","A47117BD15C59B4753F89B5EC2CBDBA05559998F8B6C687D5719A0EC39464BC7"
"app/api/internal/ext-connections/route.ts","87724AA082E26D96D94B93FE64E50BDB9989FED29DC7224457ECE88AF41024CD"
"app/api/internal/ext-overrides/route.ts","8397B42DD54C1699996A55B48BB6CE0CC2E767EF157D512503D7A9A9F6F89334"
"app/api/internal/profile-endpoints/route.ts","944B433AB8EDAD8FE383E5CA2B0D25ACB03B81139BC9A84C27140441C7880F58"
"app/api/internal/prompt-wizard/route.ts","43B398106D98E0F6AFE0727E06BBAA5C28949F8A1C0C9B850CE4F73242109B71"
"app/api/internal/recover-stalled/route.ts","6FB8EE1ED65C431F9994E262BA1ED8DFC7726E61AD1D62A9EF3D9984BB40AC6F"
"app/api/internal/test-profile-endpoint/route.ts","C65DF097DDD5267F4D96A3D5392E789F04E16C799F1B8BB9D26E15DD41BAD919"
"app/api/internal/user-profiles/route.ts","586008126E11F856205F5A7D02DFB0ECF723A359F0A712AC74BE2C4428049190"
"app/api/internal/workflow-schemas/override/route.ts","40B9E90CF242BCF05B79BB293D557A60511BC47675818D09FBE5CD820EF73787"
"app/api/internal/workflow-schemas/pipeline-mappings/route.ts","7505F54272D4AF9229FCCFB191D83E9DCB5DD206520B054696F86769EB03D6AA"
"app/api/internal/workflow-schemas/route.ts","358553CCBE97911CA549F22E2BCC6405EEBF3567E6E461994FAC988CAD7F8236"
"app/api/operations/[id]/route.ts","9E5E80DAF9603989DA7EA3AC2F727A8031DE373083727CAA108F150509026B83"
"app/api/operations/route.ts","339F1553BC57D387BD7BE463CD18D363CA09940232DA676B3D85B9735A656DEA"
"app/api/settings/cache/route.ts","94800AA6588FB11CFBA85A1D7A8D14C7BD35F260980CCE2C9EA572AB696CBF09"
"app/api/settings/route.ts","3077E6CDBDE433499B150A594E6E3ECD2A7B6CD859E8762EC1D652CEFC6C282E"
"app/api/settings/s3-test/route.ts","9978006D1C23776B14C2EDA0B85FCF268911C6EC9F7E3A92B8868EE3FD1FD8D6"
"app/api/swagger/route.ts","9E97F44BB5BFE3EA1BF688ED55F48DE2A137A6375004E0AF1ACFC7BD4C99B75F"
"app/api/users/[id]/route.ts","E830605B53086189C11982045F9381B567E9D72FDCCBDAD280E62AA20BF61457"
"app/api/users/route.ts","B2B1A6A6E9836902E121AE5A032333B88EDEEF61AA6297379EA3881BADBF5830"
"app/api/v1/billing/balance/route.ts","DB3428413F76F82B336CDCC5320016B5F3B26F69988AA2A27F8E785D9E8A0929"
"app/api/v1/billing/usage/route.ts","CE5CA8D41900F599A2E287614A35581917C394926F69B9409A1C4329118E1802"
"app/api/v1/docs/analyze/route.ts","CEA9EDB2CC572D30EFE265EBAD6006CEB10946453081F57CEB23A9A24A8A531B"
"app/api/v1/docs/compare/route.ts","1A169D33CF9B46A4CC0BD1EA91B2EE17B579958E8A4426CD5718C0C6F4F94687"
"app/api/v1/docs/extract/route.ts","8EA107CC1E58484EB227DB5C4FA3FED8F1B47D9181EB657DA2D833A50B709417"
"app/api/v1/docs/generate/route.ts","39CA893CD1DFB2A486DE995F8666FF778AF6EEDFE0AA790DD0B1F9EA2CDE341E"
"app/api/v1/docs/ingest/route.ts","C8D81F7266985E489D44797BC5211184866C5B9325B3BB621A14CB497DD05065"
"app/api/v1/docs/transform/route.ts","9E6FCC03CE239BE28372824B776D09A9A59EDBF2F36744EEEE19B99DA8EC40DF"
"app/api/v1/docs/workflows/route.ts","4F7724D20F672B9589168A528098027DEABD68025E532D012A1121FB41704453"
"app/api/v1/docs/workflows/schema/route.ts","FA3E6DC508F1CEE78F92622B63F5E72BCC937A993EAB2429CCFC83274B56AAC7"
"app/api/v1/operations/[id]/cancel/route.ts","8F4BE71B300C458828EBF027B47FB38B0A5F9A1CCB74B31C51CCAD0AE13B7EA2"
"app/api/v1/operations/[id]/download/route.ts","70A37729CDCA117A46E5F3A3EDFD1D01BBC57BA2B41F806E6FF5B15B9043DCAA"
"app/api/v1/operations/[id]/resume/route.ts","51E86D3338F70C6A7ABCDAE3BF9E5327A4136ACEBFDBB37E0E931515DDE23176"
"app/api/v1/operations/[id]/route.ts","0483D72CD941B2EEADAE99E3942269A6ED021949181D60784FB5E85F62220345"
"app/api/v1/operations/route.ts","C6D6887123A51E88362B4F623E0069A94726D65259D48D50B413C3EFCD6864E1"
"app/api/v1/services/route.ts","DEAA34A66D36E2128D4B1E645A1A34557D16B1C54669BFB3A804450D59B9E9CC"
"app/api-connections/page.tsx","341654FD84215D1F76B7A2C48DA9AC81B747BEE03A4C6E7F4530A0ED13BD132A"
"app/api-docs/page.tsx","16DE5285570EBBC7B20EC69A75F21222C9AE58836F3D17F6B95CB3747BFCDC79"
"app/dashboard/page.tsx","648C7775494BF4BD6D574A936853A34B05F149F9AE7AA2DB450E5226FBE2C9AD"
"app/doc-compare/hooks/useWorkflowPolling.ts","F87B536A8C18F429A35622E98D5A6C2DF0F20A2CB33BB1632F75755143BE0F14"
"app/doc-compare/lib/mock-data.ts","92E6B2F171E6D5DA530B7132F81A705C4610D7B25A2109E74A99C094BD1D8574"
"app/doc-compare/page.tsx","6F02BB1D6EC1822ABEC20B407A71D45B71DC04348F508F110781B9FA1D900AA5"
"app/doc-compare/types.ts","C1AF8A7BC6946E34BAF36B4BEAB37B1A647889B40A7F636B8D25FD5624E8B029"
"app/doc-pipeline/components/CompletionBanner.tsx","B2CAD0DB1A7973D892159B15DCCDAD69DB6D813E910E3EED83B8A10893454D95"
"app/doc-pipeline/components/Icons.tsx","08FB7A6E7CDA96D7CF7725F76A18C611CD81CCBFFE2331881527B95F71820775"
"app/doc-pipeline/components/JsonEditor.tsx","7439EC3B757091F7360478048AD899ADD276C52584FE9A93754024BA27419BEE"
"app/doc-pipeline/components/ParallelFileGrid.tsx","07BF97082E810C89DB1251E3F141ABF571916DFE4F89832E5DB2417BC885E08F"
"app/doc-pipeline/components/PipelineStepCard.tsx","8FE900A44478A143AB0CC4518DF30B7533989F3AD271625C93C288F277481851"
"app/doc-pipeline/components/UploadZone.tsx","5BA63E51785F8917242FABBCFDF7F912DDF0E001C11D552CB982B56FD34F46B0"
"app/doc-pipeline/hooks/useWorkflowPolling.ts","32B3D2C2BA5D658F87CE3E14C979A3818B554A766F7B4B5B2F800D82764D08F9"
"app/doc-pipeline/lib/mock-data.ts","D6F4AF67E73A96EE2D7BDEFFD71882CEF5ECE7E1C20E4925B6B46722321F0288"
"app/doc-pipeline/page.tsx","764C40693ACE4DD54F2766E96EE8A24B6C9FB6A9F8755991511360EE3B944206"
"app/doc-pipeline/types.ts","DAD717AC22A95A906FE9153FA166751DFFE21BACCE6BA2B6E749319CF21BEB42"
"app/docs/analyze/page.tsx","68B0F0849507F7B9CAAF408259A94B464880C95A59AE329ADF04A05F6A8B9B7A"
"app/docs/compare/page.tsx","4E68A3746DB76568900151C5A67E7EEC8CFFA43EA0CD3CBE62A360C7E1AA12FC"
"app/docs/extract/page.tsx","A62E80C7F5E6B3E1F123779D27617C5E313C571886CF2AA99D217293E75037F3"
"app/docs/generate/page.tsx","B57770F8EB9268E79DEE7F705AB1A896CE3748995DC8743D42E5BBD839FDEC4F"
"app/docs/ingest/page.tsx","9734B704DCF6A1AEA8A9EAFA9114977EB99211AA6BE664A0A20D25951B4EA123"
"app/docs/transform/page.tsx","822E1FE26A02F56F2D313516DD62FED3ED47C2C6F194CD5EC03BDF2B853C1D42"
"app/history/page.tsx","2BBCFA1FE25CEA7592BC2CDC7D172D28DCE90B38A88CC0B9863AFA8DBF66957A"
"app/layout.tsx","AAF1E33A6974692E25EB2DFAF7F1D6C6905625FF139EFE7B84E07BFE4AB5F92A"
"app/lc-checker/hooks/useWorkflowPolling.ts","14B2AC2E84CE020F57CFC9E6E4EAF079CB4EAFDFF4F379381048A733AFF936EF"
"app/lc-checker/lib/mock-data.ts","23CFB78C63FCE958A9E33C5CA59866928437478F5F98F86B67D0404549D54E60"
"app/lc-checker/page.tsx","CAE69C06BC247B24F400158385B23E9C44BB8CA3206EC7984B08B5B4A5B512C7"
"app/lc-checker/types.ts","930D86390601A56818CB54CDDB8BFF96B6119628455A68A160E1448A1AA646AE"
"app/login/LoginForm.tsx","0A362F8371C5C2725ABF9304DD4DB16D827349261CD49E78015F0D9CA12A8E75"
"app/login/page.tsx","82BCD5DF2CAA55BC078409DB39A1E5EF649672CFEBCDF6E2C2FA9AE1A3385829"
"app/operations/[id]/page.tsx","72B6F56BFFCC03D6E7364514CFB1E6E9C67CBF38C91BE3D3950AF9C81CB55CF3"
"app/page.tsx","379545BF52CEDB668319A23D3A920BD980D3475CBC9707FFF210523BBE7FB574"
"app/profiles/page.tsx","4A4886F7A7D5C9AD1D7C859B2A133CCE1D7B3B2C20A037FF547E60C0EEA654C5"
"app/profiles/page_backup.tsx","09FF9057FF44F0A6CC2E033F9CD316D20F2ABD2545E1C47C9C0470E13C86887E"
"app/settings/page.tsx","2F7E647FD227D1D29F9DEA018DF3DE396997E358F582D7B32175E0099A5BB98B"
"app/settings/users/page.tsx","9979849B39AE6827F5B068127B01F020B72BF5992C98F8703C70DDC9F0E86528"
"app/workflow-builder/du-operation-adapter.ts","9A74E2C41980249E26B7FB60778A00F5774B304C8213C91FD81F8A9979BB9BFF"
"app/workflow-builder/page.tsx","75360CE3AC4698374B43842EDAF3FE43D4741A957A913CE97A7AAB05B4693B74"
"app/workflow-builder/run-schema-client.ts","BCE7C1A0D74BDDB22F3D34A2952431B0E5A8ABCE2034562952297E6E0AD2CB34"
"components/ChatConsultant.tsx","841470B03E4302E82D40FD67E121D41191BC25960D2ACD0A034A9D14678BB448"
"components/ConversionHistory.tsx","54F97589F39861353E776E8FE763BD26989AC683C312AAD136BCCDAE7909150E"
"components/DashboardView.tsx","5BCAFF888C33B039C2978401F9C24D1509EC3BB838740AC99EEDF3BD523DE2E8"
"components/HeaderNav.tsx","ED5C232DA16B524AEC2FE04E408E092028828E55EE57A877968E4649C214F747"
"components/MarkdownEditor.tsx","8D6AAC5E7E60AAC68DBC65C5A1D5C72C1B2D16E860F348519DC8ACCC42BD807A"
"components/MarkdownPreview.tsx","57D0073D0820E8AAF2520EA5C36DF1C3DBEEECD9F766D321E5BF713ED33FE42A"
"components/PageWrapper.tsx","B4E3CBD405A8B3B3279BF4B33B92AD2E049F9F5F3F49FD481CAE41BDDABC3A59"
"components/ServiceTestClient.tsx","BAE34700FBEBD0E413D5BD5ED7031945CDE55EB9531B82391D189EF1B017CD09"
"components/SessionProviderWrapper.tsx","ADE69C7345400944E9A4FF60B01F9ED47248F38510D322687B4C2D5B54C96BE3"
"components/SettingsForm.tsx","ECAA699ED14E96992CC0DE85F0D6527D320DA008BF019B78390503C165B1EE5C"
"components/StatusBadge.tsx","7EED4714CE1681E6694A47B10C9AA0E6E52640951EBD4CE19A2B5C0E18CDAF10"
"components/ThemeProvider.tsx","B76B0E8F1A864368ED02FF01BE414B6C36214E2A7D33357620DD6FAE1D2A0F1C"
"components/ThemeToggle.tsx","8D9A0685FF10913DD833EDE5D8E6215E0B26A8FD5D990A9073AD4DD429A73715"
"components/ui/Badge.tsx","3755877660C2902A55EAB3CB5234CE80B993029806A3B479B837D7B8FA9B8162"
"components/ui/Button.tsx","B6CA5218ADA6893E50DECBACC3FCDA5D3BE226E4290A8983E5247E9E65D2796C"
"components/ui/Card.tsx","43D202CBB31B2BF87CAA96D648157D5696244E5CCB98145657BE4342AAA2348E"
"components/ui/ConfirmDialog.tsx","B943CEF10193343D97E59DBBDB07AFA7A5199778E6FED478A26CAC74FBD77FC7"
"components/ui/index.ts","A84BEA445637596D3F2308960AD7B62E304901C16AD96FA0B0E975AF271A8C52"
"components/ui/Input.tsx","8854CA19FDE5047989D9AA3726830FE1175873CE1619A84E955A24C6A83CF920"
"components/ui/Modal.tsx","A3C543D679640F735FA49D65669026A85EE0AF9A703AB6D0B6FECD62E6FA804C"
"components/ui/Tabs.tsx","9D397CA1CD04B0ED78F33F47A7FB3E5EF7715C5A63A58F8AAACC5EEEBFBF6E7E"
"docs-site/postcss.config.mjs","ABDE5172A3F0254B611346598B6F9CE9E15A01FFCF6D770CE9E5FE095A781334"
"drizzle.config.ts","E225526079E015041FEB116D22419E459B504EE261CAAF46CA2EEC779F2CE6C9"
"drizzle/0000_violet_franklin_storm.sql","67B6EB07F6FE03F7EB32F6BAA0D6547A00FDDE5C7C87E9E119F4262A9F7C3E46"
"du-rework/apps/admin-web/postcss.config.mjs","D639C79BD2393B4923AF7AC57398B3446D4DCD67D5E3306C67D27D6A037F87A6"
"du-rework/apps/admin-web/src/app-shell/app-shell.tsx","8217C4BAFD0352E6C0E686ED6AE8AF1B461CBED718852ADC0E8B81308475DD4C"
"du-rework/apps/admin-web/src/components/ui/app-shell-primitives.tsx","A22F401304E766D5D0CB4A0070E1C36F8DA74A3B3F8103F2DFFB04FD76CFEEDF"
"du-rework/apps/admin-web/src/components/ui/badge.tsx","BBACDF20E3F6A60268B2A5253710FAF78D274D33C09CDFFBAE4346FEF362B919"
"du-rework/apps/admin-web/src/components/ui/button.tsx","88CE658EA59E8D090E88602235A07ADA64A0D122EA46344007E7B8748C7CB329"
"du-rework/apps/admin-web/src/components/ui/card.tsx","BE3D7D79BF0C91DB1A681A2E3424260DC904EC9D92CA58568BB326EEC97D82CC"
"du-rework/apps/admin-web/src/components/ui/demo.tsx","5C47722C1C158FC23BC93B843493DF2F478E326E8DEA89FEE1EB5AE631C2D4F5"
"du-rework/apps/admin-web/src/components/ui/dialog.tsx","1A044951FCD169D5B16E7C9009028740DC5B5B4709BDB43A857DE6B3B2DCD4DE"
"du-rework/apps/admin-web/src/components/ui/field.tsx","176126D4D73604484F2B6BCF3587B2DEEA32764E1D8BBCBDD3B1DD811879146A"
"du-rework/apps/admin-web/src/components/ui/fixtures.ts","380280F297FACC73FDE8634DDE308B3D53F621707390D9A744787CA35E1BAC93"
"du-rework/apps/admin-web/src/components/ui/index.ts","98A876A5B2BB9D6498E77EEE8DA9A8303E189D9FD85C9D4B53C73AC92786F87D"
"du-rework/apps/admin-web/src/components/ui/input.tsx","88B5AEF7A8BED105F0C4A0B7A5DAC6F783228CFA46C8C9A0FBB94C45EA411CEC"
"du-rework/apps/admin-web/src/components/ui/select.tsx","C7EE56554940C5714A717790BE55852A4D4A26EC54A5771AEDE420A88FF2A40F"
"du-rework/apps/admin-web/src/components/ui/state-panel.tsx","3CCADA9D1D85845B8FE8B615359C42E2BC3DAE824589D77D02276E0290F2CB41"
"du-rework/apps/admin-web/src/components/ui/table.tsx","A938FF2729117C42DE1879B492B86AB68BC1DF09508FB56B95F3C35F94D003D6"
"du-rework/apps/admin-web/src/components/ui/tabs.tsx","FC1796A42B3D147099FBD59B1FC37FB3B3DE620000759B3EE959266628F48134"
"du-rework/apps/admin-web/src/features/api-keys/api-keys-screen.tsx","EFE618FA869DB3A2C47A79DB9A3E899FBC7C12DCA0E17865686AF8B295D424BF"
"du-rework/apps/admin-web/src/features/api-keys/state.ts","6062495A5BC3055C8726CC4BF127BEC6E51A9DC74AAE61E2F12D0CD92A4F28C6"
"du-rework/apps/admin-web/src/features/businesses/businesses-screen.tsx","B8419C92DCD5AA9BC9CA13F73F837934960C9F17913221BB8938EE2062D77E7B"
"du-rework/apps/admin-web/src/features/businesses/business-inputs.tsx","96414DD8EFCC372D61C57791F59DE27A5757DA3B6403A5C9340BAD942F951713"
"du-rework/apps/admin-web/src/features/businesses/state.ts","5B92547ED9EDB46BA978927B6F7A63C702436B1E22939EA3008E3C2DB5105A17"
"du-rework/apps/admin-web/src/features/connectors/connectors-screen.tsx","3BE7A691620C7F7C6D142CDD297F34026F85976DEF53157A04469C02A8A8FA99"
"du-rework/apps/admin-web/src/features/connectors/curl-import.ts","153CB543F381FE89232FB5F783B5E4D5D7A610A7CD763C9F644E56330C5FC158"
"du-rework/apps/admin-web/src/features/connectors/curl-import-preview.tsx","E6C41B77DFACF510597B6B4EB3880E599E882916F4E757C01B1ADD8E917D8C01"
"du-rework/apps/admin-web/src/features/connectors/state.ts","880E6D990EDA1E9F5D2EB7E3FB31C28CFF9325072680921E3A89BFB84D3EE6B3"
"du-rework/apps/admin-web/src/features/docs/docs-screen.tsx","08A9A61348F349E80CC6B54E0B45021C135DDB50B192A1EC7A5837F327DC838C"
"du-rework/apps/admin-web/src/features/identity/identity-api.ts","7F9E7660104FD2444A577F7215BF8FB2A31199904409E36DACD88F6709DEED32"
"du-rework/apps/admin-web/src/features/identity/identity-screen.tsx","505302A70DCA68BB4B5FABF28AA564DED79B66E25E4151187AA9141C1A34D185"
"du-rework/apps/admin-web/src/features/index.ts","8B6385502A90EBD495D66F5E7BDDE2FB0552C21702660A242B8C11A0D2323EF6"
"du-rework/apps/admin-web/src/features/operations/operations-screen.tsx","E381EE599D4445F0C42E426CE001405249123015CE28E4B52049BD64A400E2E6"
"du-rework/apps/admin-web/src/features/operations/state.ts","9F59CCE47694AF2FB3537C8AB522C8C2C876DF7CE7E182224CCF236892C19769"
"du-rework/apps/admin-web/src/features/overview/overview-screen.tsx","9B93862F79B70FCBCE44422802F9FE4589CB0E660B88D9CDA5274C34695E09DF"
"du-rework/apps/admin-web/src/features/overview/state.ts","A2BE0423D1EC84BC27297823F934984BFAFE9A6F1710D1A5BC05BC472B0159F5"
"du-rework/apps/admin-web/src/features/profiles/command-bodies.ts","A799625B3C3E123835DA583E1B7DE73A8ED122A88FC3EED286E11BB9C7386796"
"du-rework/apps/admin-web/src/features/profiles/profiles-screen.tsx","863CFAC179D6673CEE110F189C3D9605AD5091EF5510C8861A43E1884363D544"
"du-rework/apps/admin-web/src/features/profiles/request-redaction-editor.tsx","5B477C61E693027B08F13CFC03A2B9B78DF496ECA51C092EFA2C0E90541AD3E8"
"du-rework/apps/admin-web/src/features/profiles/state.ts","9C8E460A4875E6704C89C6EA948CDF6869590E397737E43039C0D49DE0591260"
"du-rework/apps/admin-web/src/features/security/security-screen.tsx","53B75EAA7C64D2A6F3E70E947E51D9BDBBF0C04104697D4A12D5E1E0BEA0783B"
"du-rework/apps/admin-web/src/features/settings/catalog.ts","FF3B977E003ABB022E6EB9B7F21C30E245A97F6D6B78E10077F304C628955CDD"
"du-rework/apps/admin-web/src/features/settings/settings-screen.tsx","5F28286C401AC426A883E049AA3A5547A0E13F896F0E604883C27244B83B3A0B"
"du-rework/apps/admin-web/src/features/settings/state.ts","C439340C086D256E2B529AE765107DC080AD6A1474178BDF047A2481989A6F52"
"du-rework/apps/admin-web/src/features/usage/usage-screen.tsx","3E160AB8411FFF0A9D26CFAC1953F7C8DF0B2EF73FBACA7FC3507A353EF66F0D"
"du-rework/apps/admin-web/src/features/workflows/workflows-screen.tsx","75F80B23FC0A8A92494BC26D1E6946F63D7A1F899686FCF2EC870EB838A49A6C"
"du-rework/apps/admin-web/src/lib/api/client.ts","CF191A5B872061344B95DF5871001DC1AD833122A689E4EC33E82F4124E45338"
"du-rework/apps/admin-web/src/lib/api/index.ts","BE405083C2B848D78239040F9EA3D1552C97D8B2B868338902F94893AECF4890"
"du-rework/apps/admin-web/src/lib/api/types.ts","65495E4F5BA467F3D7B9FBFF61C0CDFE2833A7B11904EDCAC0FF06193CCD51A3"
"du-rework/apps/admin-web/src/lib/utils.ts","14300D758170C270C75B057F38FEDB3793A5920EA872F0477E29FB131185E8A7"
"du-rework/apps/admin-web/src/main.tsx","6ED699A3AA0FE403FB6C9CAD60A8F54FABF3D9049A674D3325476B21EEA4E93C"
"du-rework/apps/admin-web/src/router.tsx","F3419A4C374BB94C031B216EB0ABC2F64794F50BB65A66A6504CB12875616029"
"du-rework/apps/admin-web/src/routes/api-keys.tsx","1DB6947790B9A03D9D1EF889E7EE23A5BB5519B156D7C7838001AFB35DB8EF83"
"du-rework/apps/admin-web/src/routes/bootstrap-home.tsx","BF2ED2443DCFC92AD289264CB5B86FFC478725C2A71C9FB062D0B2CB8D11B92A"
"du-rework/apps/admin-web/src/routes/businesses.tsx","C5183AD05DE4A00B10D223BA416F5C5EC51414DC64038341ECE680857CFEC346"
"du-rework/apps/admin-web/src/routes/connectors.tsx","6970A27E3635FCF12D10216777BAF63C9704284C7FFBC88A68A7F8F0F9AB21B1"
"du-rework/apps/admin-web/src/routes/docs.tsx","839781E0AEF0C7EB03135D8B2DD3802388C0FACFF6C2A09B3B3A5297AFA4F5BB"
"du-rework/apps/admin-web/src/routes/identity.tsx","D96E4E19DF7D4E46CEAA5A9D428032A6A04DC7DDF87F8A19CD2359E39B165A3A"
"du-rework/apps/admin-web/src/routes/not-found.tsx","FA5AA004F721A8BFB43AB967C3710CE479714C541D6B49E7719B55E0189043F9"
"du-rework/apps/admin-web/src/routes/operations.tsx","6B1EC3E96BF260B0DD55CFAEE147D00E83D18C2DAA5E115A1C49BEC5A565C47B"
"du-rework/apps/admin-web/src/routes/overview.tsx","E56E7D1DFBF8A036EAA9D0CA331575E7EC32B547330475E3242062E97318FB51"
"du-rework/apps/admin-web/src/routes/profiles.tsx","CBF7412D9940161E157ED125252485D894A4D75C781AB24B4CE3790943161FE6"
"du-rework/apps/admin-web/src/routes/security.tsx","3656418253E4714FA69B614C8DBC460A5F88CCEC978416000EE6C028D6B424A1"
"du-rework/apps/admin-web/src/routes/settings.tsx","C4BD389ECB8CE035CC2C68A0B9E54551084411E3CD7CD0FFF9B63F8A9C8EFEB7"
"du-rework/apps/admin-web/src/routes/usage.tsx","6A6189A8F49E841B0CEBB7102C2802EFF1618605DEF802D377181ED78CE1F1E5"
"du-rework/apps/admin-web/src/routes/workflows.tsx","EF873B91DC41721807FD6FF47E4A68F52DD5BF1DF8114D7FEA9CBC31065E0813"
"du-rework/apps/admin-web/vite.config.ts","9165BA1BABFD13A4D8E26680970B97B745C878CAB45A7610576183D67BBC7EDC"
"du-rework/architecture/diagrams/generate.py","28B79F2953158B8F250420A78C8B46ED6C688D282A1897B0A8E11F2E454DF3D7"
"du-rework/businesses/document-core/jest.config.cjs","609B6E9441682E2DF85212270A2775AB3334F84A6155B5A601FB7FA94D0A62F1"
"du-rework/businesses/document-core/scripts/build-dependencies.cjs","CF66F4FEC5F44A181359FA34D05173A879BED9B279EC48BD5FE8A7007AC57045"
"du-rework/businesses/document-core/scripts/build-dependencies.d.ts","746C7DFDC7FE70844449ABD8A1B4F7B89BF96072E241266ADCEC0FA03B29770D"
"du-rework/businesses/document-core/src/actions/analyze/index.ts","816C1C6EAD62632B2F76BDBAD5C8A9E020D5BCC20364EB4D03116B846B53E535"
"du-rework/businesses/document-core/src/actions/compare/index.ts","2139C4D7CF11B0D3180C267E53DB4D0172475CCC6BE649D8C341095FFB567202"
"du-rework/businesses/document-core/src/actions/extract/index.ts","629C9674117C48560E5A7460FD8EDA67EA3A79AE82A7656583852B139DDC994B"
"du-rework/businesses/document-core/src/actions/generate/index.ts","63FF0115CD5EBC07008047307BFB5373080E2AA3A7D95A848B68FB9EB85031FF"
"du-rework/businesses/document-core/src/actions/ingest/index.ts","8ED236E0517C6C49B61E195B7C543178A0A66BC47E11C499E329E3091DA7F507"
"du-rework/businesses/document-core/src/actions/prompt-application.ts","261F395F820BB170796F71A88691AD78D27C10CA164031D9AD07D28B227DAC21"
"du-rework/businesses/document-core/src/actions/prompt-precedence.ts","83A64E7CE9DE666ECAEC3ACD892AEF88B3956308F466087BDA43C92D420895E6"
"du-rework/businesses/document-core/src/actions/session-seam.ts","F6D8DB1D017F3A7CB4E1376A8A879192B44239CE068C9C23B26E180D26E9F6A8"
"du-rework/businesses/document-core/src/actions/transform/index.ts","E3934BCB85727C1F502B604BE044FCF44944E03310EF4ADB681B0445590FBAB0"
"du-rework/businesses/document-core/src/config.ts","41C59A34A97953C50831D7480292C091F30A60A8F4868F83B3C0EE42C92C8153"
"du-rework/businesses/document-core/src/index.ts","9C4F4440EDA86C99A2C224AF7183944AA5FE814D60DF1D068072DBED45DA99C1"
"du-rework/businesses/document-core/src/main.ts","3C60EBAFB73CE22887E2383238EB6DB59EA6E6BFC47BD502C3E408077AD8CFCD"
"du-rework/businesses/document-core/src/manifest/document-core.manifest.ts","FB863D7883D6CF01EA8736FEA77F6717489F6EB700D0A3F44D25912261C52672"
"du-rework/businesses/document-core/src/manifest/traceability.ts","97AE6CF878760619360D68AC9CD958A617E4DBAB6D55531B394BA605FE39523E"
"du-rework/businesses/document-core/src/pipelines/legacy-workflow-mapping.ts","C5827BCFDE2B858AD20B0CBBD8BCC3DFA6EE9BC2C69AC75A94E2F6DBCF278072"
"du-rework/businesses/document-core/src/pipelines/parser-budget.ts","8EFCF8D04BD629AEC83446B88311DCEDC05C216F099B8B49B648CB469C4708A0"
"du-rework/businesses/document-core/src/pipelines/step-checkpoint.ts","A7C52FF179E32A5EFED4EDC70C3960952FC4B0FCB3E0232BB760EC961E883F66"
"du-rework/businesses/document-core/src/pipelines/workflows/disbursement/disbursement.ts","03EFCD70FB5479ACAFCC85AEE1763C953D4466AA2682411F48B6BEE2FEF46FB1"
"du-rework/businesses/document-core/src/pipelines/workflows/disbursement/fanout.ts","8B4E72783063058EEF8D557BD045285F97BE40260956AE36A90622A4CC780547"
"du-rework/businesses/document-core/src/pipelines/workflows/disbursement/index.ts","F23490BDC034EA104FEF27D6E7144BBAB91AA66B4C45E28057595DFBC329A84D"
"du-rework/businesses/document-core/src/pipelines/workflows/disbursement/primitives.ts","BE3AA11A3AB800E26ECE657E39D9F2C68B2439D6446AC8CF5A8C9EAAF9C5CA4F"
"du-rework/businesses/document-core/src/pipelines/workflows/disbursement/types.ts","D5467C4F3EDFA64CAD9AE630933503FA65271808728267C4CB287F889654B35A"
"du-rework/businesses/document-core/src/pipelines/workflows/doc-compare/chunking.ts","2A4ED8BE9F1EA464900884A1390A38C57819B3197118706089D94350C2F007C4"
"du-rework/businesses/document-core/src/pipelines/workflows/doc-compare/doc-compare.ts","9F093BDD05BBF045565F8DFC020657264624417414153EE3AD91101698C9D358"
"du-rework/businesses/document-core/src/pipelines/workflows/doc-compare/index.ts","5734EDC7BA65C5C5A58F8BD4D31FEDD030FF5218057826460D1A9A6838914C6D"
"du-rework/businesses/document-core/src/pipelines/workflows/doc-compare/primitives.ts","7872AED7C777A465C0A438BF896E7232262CACC1FDE02E4BE7A8F7E905A72595"
"du-rework/businesses/document-core/src/pipelines/workflows/doc-compare/runner.ts","7E34D194205AD459AAC2F620EA6C46805CDDA951EE1077CFA7147B1203D57DC0"
"du-rework/businesses/document-core/src/pipelines/workflows/doc-compare/types.ts","0282EBBB2DFB3504F39652CFE96543A2DAE52184192B43EBB55406892C5810C2"
"du-rework/businesses/document-core/src/recipes/recipe-definitions.ts","5FB0A969A19E2E544D2D8FE247CC2826282F3D57B13E8804BEDAC70CCDE91D10"
"du-rework/businesses/document-core/src/recipes/step-keys.ts","F0A0097C65D4BFBCE8F77D0C311E6151EDCEAFA877F45A398F48CB820A2F23F1"
"du-rework/businesses/document-core/src/types/actions.ts","2C47B74498BB8866FE4D8683A392828536EEB63917AD620DE35E475DD4C4D418"
"du-rework/businesses/document-core/src/types/context.ts","02F5BD83B2F93979AA7B950D389C88AD0BDC88BE662BE46A58CED4CD04777FE9"
"du-rework/businesses/document-core/src/types/results.ts","ED2959009D71C780B87571AE6060F0D638573F603F358161F2022EBE80232486"
"du-rework/businesses/document-core/src/validation/input-normalizer.ts","85532894F24996AA74BEA9EB7F89509D1959E14542033AC8E530EDF1E6A46005"
"du-rework/businesses/document-core/src/validation/output-validators.ts","0456FDB834166705A3DF0290B75674997F8E614F5E8FB2869F24CA62383B427F"
"du-rework/businesses/document-core/src/validation/schema-validator.ts","80AB04464C15B7220A60301FB8CC0D4253C7B899ADE8512278038945B8CE4B59"
"du-rework/businesses/document-core/src/worker.ts","9BCE7694418BF0EF2DCE77BD951BCF3D7044F9A86C8E380611A33A54F22ABC37"
"du-rework/businesses/example-review/jest.config.cjs","888EE30E33217FEFF867C727294F28E9AC64C8CDB27C7E14EDE5540CBF107486"
"du-rework/businesses/example-review/src/config.ts","5E409F595F0B7AD166E76C99AA112F3316082C3899BA1943B8ADCCE97ED7BDC0"
"du-rework/businesses/example-review/src/index.ts","1BEADB337D5D69DFE3D4D2A4DB3DC655753D14642BFF16EF8903C557D8EB3CB5"
"du-rework/businesses/example-review/src/main.ts","FDE384B3ABA2FE8339877CF37E858C2F951B09D14344C7E08F2D72628472FED7"
"du-rework/businesses/example-review/src/manifest.ts","1ECAFC44825166C8178890B47A26886D17F5BCE878E32E9D2E3EA28DFA539206"
"du-rework/businesses/example-review/src/registry-tool.ts","336739C90E5E2965901641962E281DB81E785434905DA3E2C2040B0CE58AB7D4"
"du-rework/businesses/example-review/src/review.ts","804C273AD3332B3DF8673FB3FCE1422422A1A826ACB3C0AFE20AD65B04387ADC"
"du-rework/businesses/example-review/src/types.ts","5CF78AFBD151F048B675EC1EBEFAA8012AA5E1D075E970BAF3652B61891DEFBA"
"du-rework/businesses/example-review/src/worker.ts","2A71C97C816819837867E65229739D990E19A6B763857823A5F65FB8B134AEBD"
"du-rework/businesses/lc-checker/jest.config.cjs","65CBE485094AD380FFAE56F0C2DE366C4B330899C3A85A429A10BCA17C7E2DA8"
"du-rework/businesses/lc-checker/src/config.ts","CE06A84FF7BB8F538D89BB68DB81C6E280C6944DBB3B4B5DCD7DD63206072BFD"
"du-rework/businesses/lc-checker/src/errors.ts","99A0B375F4B53AE036A7360B207C36B6E6E6623A95AB1292A330708A9E96D5EE"
"du-rework/businesses/lc-checker/src/fanout.ts","EBE4416D0F19F43B260CD2DAC90A7F10E522A747CD9432F0CBF354A09562D080"
"du-rework/businesses/lc-checker/src/index.ts","6809A55267FFAC2A5264D4DDEA6AB469D050741307084A94FC83321DB260FD00"
"du-rework/businesses/lc-checker/src/lc-checker.ts","2F2FD20B724BDDC1440B2385B3A9E01F75EFDC5779DFB2E63FD679AFCE386298"
"du-rework/businesses/lc-checker/src/legacy-facade.ts","CE2FDD258F218EBC81038DDB4221227D2FAE84FF8A2BF0FE0A764DA93B9B1B5B"
"du-rework/businesses/lc-checker/src/main.ts","029270358CCEE734E360EB42A4A3BE51BEBEBCD401AF16118A2DDD4DF9760217"
"du-rework/businesses/lc-checker/src/manifest.ts","B2EA42EBB365825016424E31559CDCA01315AD7037B8F0BE4B9D6C2CE83C908E"
"du-rework/businesses/lc-checker/src/primitives.ts","70C2711DED0B8FA094DEAB0DB3024535865F6E453391F9F8250594E5961E9215"
"du-rework/businesses/lc-checker/src/registry-tool.ts","CA82BF9F5F444518A3B10EED632D58152211F6C790D6BE7E354EEA1DDAB0AB2A"
"du-rework/businesses/lc-checker/src/rules/ocr-prompt.ts","792F07F940215EBA9B19ACF63765FA3E35C760FD92A7BCE8921D14FCFCBB574B"
"du-rework/businesses/lc-checker/src/rules/prompt-builders.ts","6145D88C886635591738B15155025FDF13A2C588277D613F5BF0DB8CF6C11F90"
"du-rework/businesses/lc-checker/src/rules/rule-registry.ts","9A9093772D3DBBF1BDB56153716B0143CF616E36108D94AA3916D2DDCE3E056A"
"du-rework/businesses/lc-checker/src/rules/rules-authorities.ts","03FE91891C1E17C0C06AC1A637EBD19C9586E9C2A5591897C022DD95EED7088E"
"du-rework/businesses/lc-checker/src/rules/rules-data.ts","6E629BEB13567F4133E801F22C3B74EA1C481C5E1ADE830D7A9F56BF14B40276"
"du-rework/businesses/lc-checker/src/rules/rules-examinations.ts","F05A668838EADA06590D14BE0F053B0A153AE2B6D49095B97830743A763448D9"
"du-rework/businesses/lc-checker/src/rules/rules-house.ts","A8F7BC7DA20BD0F9F46FEE6FC0B42CD1E02F53BEC1C7719A62F365702628A742"
"du-rework/businesses/lc-checker/src/rules/rule-types.ts","DD727E773D7110AB01538ECBE497E2F94118E0C49B98DD97FEE6E897B53A315A"
"du-rework/businesses/lc-checker/src/types.ts","FA2776F25C9B926CEFAD1E7F8CE1B574513E4CC60F3CDC7879C708A861358F21"
"du-rework/businesses/lc-checker/src/validation.ts","29772678EDC2D46C861D13006CED05A0C1918D425AB113B29BF103D705B5783B"
"du-rework/businesses/lc-checker/src/worker.ts","F3238A2488D50B50C4EFD36299DF609867C59C3856FF55B09F10339657F8FF17"
"du-rework/coordination/backfill-leftover-counter-803.sql","872DAFD3EF769E6EF98CA2E02BE7E724A0F2C62A87F3830A9276D39F543EB2F3"
"du-rework/coordination/probe-agents.py","041C262A55D59E045986A4ECF488EC670EAB2038448DB39D3A9336E68024F062"
"du-rework/coordination/reports/a8-claim-fix-803-2026-10-05.validate.py","BB5F2FCD889CFD538A6C04F742D0FE6913B205BE7C39F78CDE03301F0BB0DC53"
"du-rework/coordination/reports/build-deploy-review-2026-10-05-compose-probe.py","A48D54F0672FFE121C5C7837C8F94179B82317090E957FBC7B9D7AF6081B806D"
"du-rework/coordination/reports/bypass-audit-809-2026-10-05.scan.py","61ACC3C62E8BF6871C92174D9329A84BDAA4C0C04AC4B421008E0BB66B990EF3"
"du-rework/coordination/reports/bypass-audit-809-2026-10-05.validate.py","9FEBC9707CC3F5AB23C9BA7F9DD815AD5EF07CB76C6D11E6D96D12B7E2B80DB4"
"du-rework/coordination/reports/commit-prep-802-2026-10-05.validate.py","9AAFA476730E99563FBF368AFD6C8F6A9936644279CAB18615D8E1725233DB10"
"du-rework/coordination/reports/commit-prep-803-2026-10-05.validate.py","684E1F3774A453287DFF1551235B8C9CD86CA55D094386503810BDBB0D2D7BDF"
"du-rework/coordination/reports/commit-prep-a8-caveat-804-2026-10-05.validate.py","058CA0BCCE487BFF495BA14942E728646294F78F480E30D2B3DBF455B6C8B351"
"du-rework/coordination/reports/orchestrator-app-core-review-2026-10-05.probe.cjs","F96BEA08A3AD2B90925DF6858EE520C0995F36399E2CED164A3D24BFD9F08198"
"du-rework/coordination/reports/plan-checkpoint-805-2026-10-05.validate.py","DAAA23542569B3521CE6A5FE662C8C8571F9E10155C186C6AD5B7350D6551D4F"
"du-rework/coordination/reports/plan-update-805-2026-10-05.validate.py","49FFE24CAFB169EF07BC4F0826F7969D3A1DDD2DD74303C9E8EE33A91C253666"
"du-rework/coordination/reports/plan-update-805b-2026-10-05.validate.py","F9811D94F8E6630B800B4AA073FE743EC6FC12CA0825A091724D87391148C556"
"du-rework/coordination/reports/raw/verify-vfy802-admin-route.ts","D76B677018D3198F073333C40DF03DA1189FC359E2325ED3EED4039764B7020A"
"du-rework/coordination/reports/raw/verify-vfy802-admin-web-browser.mjs","D68D8EC0C6D7104DAFD2A5E6A4F6457AE4B8502C638F9D8BA602B3352F309F51"
"du-rework/coordination/reports/raw/vfy803-identity-role-policy-probe.cjs","0BEC2A1E25F46765719F45C5D0A6D7303CFB5D6836F84BD0A792981ABC654234"
"du-rework/coordination/reports/raw/vfy803-vault-http-timeout.mjs","6B186239EC10B8584C2528A3A704D7C174090008829B457138D90D949434C802"
"du-rework/coordination/reports/raw/vfy-counter-fixes-808-allowplaintext-ast-audit.cjs","DEE4E57EAC72FC5EBD50664263476AD698B7D3E24EAC25A652ACA9D0250593B0"
"du-rework/coordination/reports/raw/vfy-counter-fixes-808-hash-manifest.cjs","7E5DD123A5398BC427C61F107167171E8420E2956EFCD40D2551BC89409D63F3"
"du-rework/coordination/reports/raw/vfy-counter-fixes-808-outbox-writer-suite.cjs","11BF6EA7F9C61023ACCE18AB0186BDFB8CC5078131AF28BC81F96C894298F1E9"
"du-rework/coordination/reports/raw/vfy-counter-fixes-808-pg16-auth-suite.cjs","A6385B963F756E429AAA3A681ED4400B9BCB74AB4977B5CA35A4817DCBB53553"
"du-rework/coordination/reports/raw/vfy-counter-fixes-808-pg16-fixture-check.cjs","BF0B87A10BC833A5B5747E71980FA3C141B96E2ACD8FAC57AA72C30A38A6D186"
"du-rework/coordination/reports/raw/vfy-counter-fixes-808-pg16-sql-harness.cjs","D7E5E89615E5A65E03CFE89FB6246A70F308FA1DBCED95C1E0C877ACC3D3D425"
"du-rework/coordination/reports/raw/vfy-counter-fixes-808-readonly-instrumented.sql","A7B2953AC6BC345E0AE5D9266B5E6148E67BBF2A5360BA3705461B684BD7601F"
"du-rework/coordination/reports/raw/vfy-counter-fixes-808-run-tests.cjs","7523A94A8D8F62AD031587D34BB978F14D7826E688826346DFA6616E6C79A625"
"du-rework/coordination/reports/trace-reconcile-803-2026-10-05.append.py","6812380DA86E97D2587628320F2317A3FF473A9921B434DE756460E5053DEEF8"
"du-rework/coordination/reports/trace-reconcile-803-2026-10-05.validate.py","A60970AC69893F112BFE1FA708A0AB7580EE8D23D2C84CA8C5A4720EE6CFF687"
"du-rework/coordination/reports/wave-802-packets-2026-10-05.validate.py","0D416982931381219E93B6B72396BB13D33ED9678D1EF1559A75C477C2739AC2"
"du-rework/coordination/review-evidence/code-review-2026-09-23.cjs","B4E91B2764DD2DF442ECE22061D133F6D24632D0BC8920B214443634B22D9365"
"du-rework/coordination/review-evidence/plan-conformance-2026-09-23.cjs","10A8EB9361C916426300A08F0B82F7652896EF3F010A6B9EA9B959A89B466C6B"
"du-rework/coordination/scripts/check-roster.js","8F7D95E7F8B65155FFC86BE7134C5190E57A8AB643B79FACEE1965409E4B393C"
"du-rework/coordination/scripts/coordinator-cycle-0940.py","4EA8F57A2B39725BCE484B91D9FFE48C04B5A754B53DDDAFFBA6834EEA0C3B17"
"du-rework/coordination/scripts/coordinator-cycle-1000.py","1EE203D12C309202E44E02BF718FCFD7264164145A92AAAE522B29B816E78A8F"
"du-rework/coordination/scripts/coordinator-cycle-1013.py","8F8F7873E2BA33A92D0C0653964628FEC12046D059F489FA9C8AB2661A67C6C9"
"du-rework/coordination/scripts/coordinator-cycle-1033.py","BC9D9B2895B2E05DFD76DD825E7215637A4518EFA5576C176532C4B37302F355"
"du-rework/coordination/scripts/coordinator-cycle-1053.py","406A54DBA90414E436B99A0F32FC0667013404C347EFC85545D0350E87AFB732"
"du-rework/coordination/scripts/coordinator-cycle-1053b.py","61574DE33C4D2B9E42E0B1C1034BA8023C7D160CE85B3DBE9F802D2F56D14D61"
"du-rework/coordination/scripts/coordinator-cycle-1100.py","40DCC4BE02695E243192EEDF3ABEECAEB25EFCDE75042BCC3F049DA5D50CA85C"
"du-rework/coordination/scripts/coordinator-cycle-1100b.py","D13EBB1E98B19FFA40CC3FEA38783A22FA61449A60EB2FCB6860D0114402006E"
"du-rework/coordination/scripts/coordinator-cycle-1133.py","CE6E103E6CCA4870104FD1842D0FC960DA488ECDD5346A09D8D16F18B60C3765"
"du-rework/coordination/scripts/coordinator-cycle-1201.py","B90178A66A840B90B69AF8CEBC5AC7195084682EEAF4A52857C121A016054F3A"
"du-rework/coordination/scripts/coordinator-cycle-1213.py","F8C06DE8FC0CBE9D31AAEAE8365C7EB82A691A47770101A86D83C989D60C4611"
"du-rework/coordination/scripts/coordinator-cycle-1215-retask.py","3AAA694C1EFC6D9CA11F674965C7B1CB1D54B105CD467A0571BE8AA82F433606"
"du-rework/coordination/scripts/coordinator-cycle-1230.py","FF73D350DD249FE339A3CE3B81D4E79B36AEA2567CEC850BC17959A991216E05"
"du-rework/coordination/scripts/coordinator-cycle-1240.py","C6EE820D7142B5464446DD1A16C9A03968C59564C5F6232093EEF51C3FAC956A"
"du-rework/coordination/scripts/coordinator-cycle-1255.py","F25BC7EB47A599F331999A1D2B2BAD27269EDABE2B76130B19E279C92F73BFCA"
"du-rework/coordination/scripts/coordinator-cycle-1305.py","D80DF4B72FE47AECA4DD64719F661E181CBA4706F3AA468C838A774779BE6AD9"
"du-rework/coordination/scripts/coordinator-cycle-1348.py","B2AFC90DE9C6AD838643285FEC0F1E67A43C90149378A8E93C11A422B3186378"
"du-rework/coordination/scripts/coordinator-cycle-1400.py","550A0E67D10DF038B0E66D33DC721C0B943DF50932AEC7C843F4EF2778937E4B"
"du-rework/coordination/scripts/coordinator-cycle-1415.py","812DC07DC86B8F12F49686371BFAE7673805889063E3E4DE8CA7C362CEC4C3B5"
"du-rework/coordination/scripts/coordinator-cycle-1420.py","F62B909DE9D291CDBB19858BFDD484FCC905945160F930F0A8C58A4CF4B1CA8B"
"du-rework/coordination/scripts/coordinator-cycle-1425.py","054366FB838B8181E46E9EDDB57C3603B7B2994FB9FD1961DA98DF73620E5025"
"du-rework/coordination/scripts/coordinator-cycle-1452.py","3D759B2542CAE2B14497316F485A04EF65A48EE6850CAEA84049FCEF2780F038"
"du-rework/coordination/scripts/coordinator-cycle-1503.py","330E60149F385C98904FB6DF9D84DB24F7A175ACB7115D03128EF16D04DA5154"
"du-rework/coordination/scripts/coordinator-cycle-1503b.py","730155AD8C0685EE33F8A0FD46B365CF9CE41841CA7065397A3C51400F70C731"
"du-rework/coordination/scripts/coordinator-cycle-1510.py","ACA32814FFEE801C566E0F25CFD772642F1EA4AC7B76378A578904760FE4023D"
"du-rework/coordination/scripts/coordinator-cycle-1520.py","CA4F9C08AEB630793C88DF7658A70D311FCDAF7A53A78FAD7B2809B184CEA4B7"
"du-rework/coordination/scripts/coordinator-cycle-1545.py","4F8B8F15DE2F19F4CCC96C30830908F148366FE566589E0703E444161507B321"
"du-rework/coordination/scripts/coordinator-cycle-1550.py","BB67B8BCECADFE5CDAAD11D6896CC52D8FB6EB305A9BCDD9392D1D46C51D96F8"
"du-rework/coordination/scripts/coordinator-cycle-1635.py","C4358EA9A0624A31207C357EB82DA09FF4E105EA894F79B9FA4BAFC507390F15"
"du-rework/coordination/scripts/coordinator-cycle-1658.py","469B559E210DA837CD4915D4DAC203F5892F9EAF012893CC2E793AD7DCB3EF25"
"du-rework/coordination/scripts/coordinator-cycle-1728.py","6A5C48C86C6B1F17B6C84054CF1B05A41C1995EFA7849804E47BB0F1384CB124"
"du-rework/coordination/scripts/coordinator-cycle-1830.py","F04205ADEF1568B03A82F1CF3618A16FDD10AE1DE490590F4752F1F638021519"
"du-rework/coordination/scripts/coordinator-dispatch-wave-0855.py","95819C17F2756F6007809BFF59519DEDD865E56951DD6DF481E57CC0AB7DC3BF"
"du-rework/coordination/scripts/coordinator-dispatch-wave-0910.py","84FE30FE9B2BD096EEBD3009D83B160926846D125308DC14F88A97F79DAC0748"
"du-rework/coordination/scripts/coordinator-dispatch-wave-0925.py","1EF409766F4F277C3C7E0383388C4072FF71DF68FCD3482C4DF2715B24E9AD2C"
"du-rework/coordination/scripts/coordinator-run-tasks-0905.py","3B0349B73F81188440B344F0AAD623342E9B49322C3F3A6F7EB6B5772824A0C5"
"du-rework/coordination/scripts/coordinator-rv01-1610.py","5BD570324AB833EC6988EF90706074A31F83AF5366FE67476BC7081FD1D65A51"
"du-rework/coordination/scripts/coordinator-settle-0912.py","A4B18AA39BD78974818963B588743A3147CF79B11F0EC0135BA546EF01757439"
"du-rework/coordination/scripts/coordinator-state-apply-0910.py","AE86CB060F10DF1E785110DF109CCB56523E3C6B275DC8F0173632B6F9EC3229"
"du-rework/coordination/scripts/cycle-0010-settle.py","9AE5ABEC30E3A58126BF70EDDD1B870AAD0E47BBC5F0AB6D9662AFEC2100FDE2"
"du-rework/coordination/scripts/cycle-0025-dispatch.py","94FB2472631B0BEA0CFE503000086BE5F3858DBADECC8177CB37AFEF5B5B8ADC"
"du-rework/coordination/scripts/cycle-1935-rows.py","D39B9067CA7814E6F785EAEFA97F6EFFBF619F968CF1975E7A01AF3F285246F5"
"du-rework/coordination/scripts/cycle-1935-settle.py","99E370B28BF3D492C65B5C3E73651C00C968D481150C25EB2E6FD0DB49AB4960"
"du-rework/coordination/scripts/cycle-2320-settle.py","D144A277F4A0F1E5A5844C29A36DF1037B87F8ED70D09307AC42569A2F2204F8"
"du-rework/coordination/scripts/cycle-2330-nudge.py","314EF003E734FBCDBB1BACBCB8E122278F805081EBD5BAA89DA234BFDE5DBA44"
"du-rework/coordination/scripts/cycle-2355-dispatch.py","B0DE929914C9D09EA3A08ADF1F5816D772BC0F06A650898C0408BEFD98691DAA"
"du-rework/coordination/scripts/normalize-watch-state.py","F01A6487589BB30EF9372641C8F89066942B991FA191D2334FBF6C4CDD719363"
"du-rework/coordination/scripts/notify-coordinator-claude-delegation.py","15A6976136F88090C8BE8A16E3A162AB29EABE44614F04E51F44F993A5E22EF8"
"du-rework/coordination/scripts/nudge-dispatched-workers.py","05C3E1B67B2D47F4A9ADD0313183F85222624403A1346A611F9200441F96E15D"
"du-rework/coordination/scripts/parse1545.py","A36278D6E19D9E8D7CA1AC7EF03F72648E1F79B5D15D429724762E51C8736E7A"
"du-rework/coordination/scripts/parse1555.py","EE70180E7C4E7081BA34B53D2722363300A5C33E810F59D9E9109ECA04FE76E9"
"du-rework/coordination/scripts/send-claude-task.py","46E684E29A7E6DE5413F46B238D35A52966878171942967159E2911B446BD34A"
"du-rework/coordination/scripts/supervisor-audit.py","0A40A9E416FFE1069C6F19D058BE81D16840E2D35335450BF85855E8EB86660F"
"du-rework/packages/connector-client/jest.config.cjs","2EB7123C859F83929E799FC1B3C3AAC094486CC8A04969835ACA8F11BAFD9957"
"du-rework/packages/connector-client/src/client.ts","9BF15C710A942827962E037C4E5DB47FD8EE7FC4E13257BC72F22F9191A5E82D"
"du-rework/packages/connector-client/src/contracts.ts","0267800D13BEFB9A0CE021BBB2F03B23F7252C8DCA64DAD3557C03914C566AD9"
"du-rework/packages/connector-client/src/errors.ts","5728C25927C3D83C2EEBD3879FCFAF901938606A83F5569D3505D21158EAA966"
"du-rework/packages/connector-client/src/index.ts","DE4D61BADCD5108AEFEB8727B26EECD9A1E3C0C78DFA19C8F23628D82007A474"
"du-rework/packages/connector-client/src/sdk-invoker.ts","7B2E3DD56D1FDBC78710087DFB6C808BA62FFB6AC5AD0E4B940E03C0140F2105"
"du-rework/packages/connector-client/src/transport.ts","932E8DE7B2B71A79D61635B8F1B9953E3FA1F1C8FC045F4868D5DD9D02E71AED"
"du-rework/packages/connector-client/src/types.ts","3B897BAC552152B2B284BF1ECE0F7EEF864552AEC6C1A60313EAF620E2F15E9C"
"du-rework/packages/contracts/jest.config.cjs","90698763BB1E7CBFB683634D698B48EEA39A32767D2613CDF4045CF5E8713F11"
"du-rework/packages/contracts/src/connector.ts","859979838C36763104497CFDC0FB402826DAAA096C1E27EE6899482FC11359D2"
"du-rework/packages/contracts/src/connector-management.ts","6E9B7F913828F876342F238982766F946EB205B853F3C613A9D6919516569AD8"
"du-rework/packages/contracts/src/encryption.ts","395E08800E3E7D6B2131C36AE85B41B70289F6C38B1970803101F266EBB7342E"
"du-rework/packages/contracts/src/errors.ts","C2D82F050D5263B8C365CCCDF772D89DA9EF47B094B8AD6E46C92CFA3909DA2A"
"du-rework/packages/contracts/src/hashing.ts","A0FFAFE5219F760F1ECED9DF6C5FC2256A18B073775549275BC390B5C92ED6E7"
"du-rework/packages/contracts/src/identity.ts","7794F3BEF1F5E1680B620B96D4B389C871F2226FE78B22E5A19237C7218EB41F"
"du-rework/packages/contracts/src/index.ts","16A163E60EC87B674F57EC0CBD8D2FB09784C089714B67A7C2EF3622C44A3720"
"du-rework/packages/contracts/src/ip-policy.ts","B5A78AFBD8C16C5E991B18469214693FA38E2F284AD10DB1C7B542B13ADA2D77"
"du-rework/packages/contracts/src/json-schema-guard.ts","FAB971307B5A3E9F595E30EE55BC109080C1B1C9265C2D4D09AC3D3078B021AD"
"du-rework/packages/contracts/src/manifest.ts","64C823443654ED8324F9D18BE77DD1519A9C1D3FD815680D53A6B81F382D68F7"
"du-rework/packages/contracts/src/manifest-validator.ts","F909EDA5ECBC6F71F68BD0EE0C05E2B7773AC0A9D908C34C19CD43BFCDC58FDB"
"du-rework/packages/contracts/src/oidc-claim-shapes.ts","B9617B8A8D73E6BBB5A649598BB7FE336A831E4D3D01FC0BD78A25CE1B39321E"
"du-rework/packages/contracts/src/operations.ts","34454DD2AB549A47D7732DDE6ED81E187EEC94C61199963B417F743EDC803817"
"du-rework/packages/contracts/src/pricing.ts","A7D87207E2619F0C1BBDC53D2DCA04A953AA9FE211E71E0B52FA00E5AE508C49"
"du-rework/packages/contracts/src/profile-commands.ts","908B870B62792A51804FF08F4A53174C0ADD0FDA09F157516A92756E426D1AAF"
"du-rework/packages/contracts/src/profile-policy.ts","41C79CB3655B493839E08A3E57118BF49926E933DDB10A8C90899F1F8904BED0"
"du-rework/packages/contracts/src/public-api.ts","D6017B796D84940A08737566A74902BD855FE4FA3786219610818494FFC7FAE7"
"du-rework/packages/contracts/src/queue.ts","8CF57F09B6C910AF0501D06505589724BA0767E6D835D90BB49A6CD82AF5687D"
"du-rework/packages/contracts/src/request-redaction.ts","39AAC7F386092C03B4E55B030BD92D007A7D369CBD6F9BE8E9534B95B6CFD952"
"du-rework/packages/contracts/src/runtime.ts","66656BD6CADFC79FA45BC2F91F089CBC94C4DF6F29B6429045ABE038A4FCA53C"
"du-rework/packages/contracts/src/sdk.ts","5E193929A19A5447A3BAFEDED8885640D749F7B456643A63ADBEBDCF4AC9A58F"
"du-rework/packages/contracts/src/settings.ts","346FA78723C9D5FF0A46875B785E4028999F1108F625DAF2DD047AB3A2B2CD48"
"du-rework/packages/contracts/src/usage-budget.ts","3DD94FBD1D5B90C8186B593BE8C4E3949A08B2A31E890FF9C448C65D7A1A87A4"
"du-rework/packages/contracts/src/usage-metrics.ts","A13A76543A71A43074B3152482A665F925E6724A46C6C4A8307D86BF93BB28D4"
"du-rework/packages/contracts/src/usage-reconciliation.ts","8BB190D84E06F3EE268819983373D4C3EC46049F05D3D1934C6697FDA1F31D40"
"du-rework/packages/contracts/src/vault.ts","F11451D94E38BA6BF390EBF4ED55697A778195A0510810DD011B8D099F145AE2"
"du-rework/packages/contracts/src/vault-policies.ts","3F3E7219EBCFFB79AAFAB17EEB02A0F08C67609E15ECDF20E52D40CE2868F7AF"
"du-rework/packages/contracts/src/version.ts","490DA72632B9DB65A3C551928DD245C53CDF371CB34E85C7A3A7363E24AFD43F"
"du-rework/packages/document-kit/jest.config.cjs","8C1CA8D0639E1F018AA2F210A89C076595A17FF28ED57814FAA6BBF085BEAF5B"
"du-rework/packages/document-kit/src/archives/zip-extractor.ts","EBECDD01F37673137951C189E01B2C955BEDD494ED9F4480A497553C691E8E4A"
"du-rework/packages/document-kit/src/converters/diff-engine.ts","4913A030EBCBF9723F4D183FA893E61C49CF65631EED94CDD067C071457F1392"
"du-rework/packages/document-kit/src/converters/format-converter.ts","1A7DB031E41EB8529E8BB5A6FB39D3BFA0276194ACACC8CDA79C1DB4486F03DA"
"du-rework/packages/document-kit/src/converters/pii-redactor.ts","5F7B440B275FA2344A79E3CC1EE4E5919A41C28A9674D7DA4CFCA4E350394B63"
"du-rework/packages/document-kit/src/converters/template-engine.ts","3B89B5BDA6DE5172BC6B322E4C2511D181CF0F87DE51BC5B3E252B8178DA4497"
"du-rework/packages/document-kit/src/converters/text-chunker.ts","9BF2CEA5F369A9E3C350579802DDD06E1042613935565E61055A2CF897984889"
"du-rework/packages/document-kit/src/formats/detector.ts","B076CBC15F8193D215674AA52889B5FBAD84737216A59363C0F823EE537C7D65"
"du-rework/packages/document-kit/src/formats/pdf-splitter.ts","1944DB98BD0829445AFD83E01C3BDF94F6C8E012903E66CDA8C25A8726D52E1C"
"du-rework/packages/document-kit/src/index.ts","0C958235BFCD0D15889E001C87E09E712D24D060369C2C5F1903E08F74101BDC"
"du-rework/packages/document-kit/src/parsers/excel-parser.ts","6D47CB0445CA97FFCD576E7F4AE0DC3CEF2F696AD7FCCA00811A74CB76218C0F"
"du-rework/packages/document-kit/src/parsers/factory.ts","971FECC350B2F6ABB687DE6083910593FCBCB97B4871486E8F8432F83BA1C843"
"du-rework/packages/document-kit/src/parsers/limits.ts","4A6F95BD46E7B8C1C3E19331B1B764EEEB015604CB3E48F0B5ADC655914D66F7"
"du-rework/packages/document-kit/src/parsers/pdf-parser.ts","AFCBEDC62F52F8518F3B83D629B021059896EF690811F1DB51445449081FF9B6"
"du-rework/packages/document-kit/src/parsers/text-parser.ts","992BC845C05595DC729F04AD2687386B01B74B7605EC238055A4E065A9182701"
"du-rework/packages/document-kit/src/parsers/word-parser.ts","DB1E5E317503DBBF94F4047675B947F003CE3D20877B415FE52C8421358C8BE9"
"du-rework/packages/document-kit/src/parsers/worker-isolation.ts","665EB4CBE8C03B438075D16E758C15B63F108152B0E8C491EF8AFE7AAF2AE0AB"
"du-rework/packages/document-kit/src/types.ts","D1B18CBA1AC80F9E24F1B57B89A990DAC2C24465F2AA1146722E2436647479ED"
"du-rework/packages/egress/jest.config.cjs","A124881265E51B1AB76F1436E501567D7CA09971476032E15915DCFEAD6F6F50"
"du-rework/packages/egress/src/index.ts","53D74040F273DE966BDF1142D22D372855C19551F8816D82F184E0F6929E1940"
"du-rework/packages/egress/src/pinned-fetch.ts","A812CE680880174373945BF983E43F8BF666A465EF0312DB90D827C21EB1B638"
"du-rework/packages/observability/jest.config.cjs","90698763BB1E7CBFB683634D698B48EEA39A32767D2613CDF4045CF5E8713F11"
"du-rework/packages/observability/src/context.ts","71803F4E476E68105D20BDE2D344A1F7DD5B7443E11C111F6330BBBC696494FC"
"du-rework/packages/observability/src/elasticsearch-collector.ts","45591128DE86D5D606A31B067F0A8D8821480A530FABB3B36BC70F0E007CB470"
"du-rework/packages/observability/src/index.ts","8877121630A422B2B9D2B396914B05CDF77DEADDBD281CB83F2BF1D79AC7A813"
"du-rework/packages/observability/src/log-events.ts","B543CE46F83926B9784B1AF646F06F1882188C6A8463EE622CCF8D00C26AA3B4"
"du-rework/packages/observability/src/logger.ts","E8C320758120E1CC57997A8D7511D2F8269F0E0E42E92A9409E52D676F73A7C5"
"du-rework/packages/observability/src/log-metadata.ts","F4AA191D3549006499003B1BC70602C6E77FC911BFAFBEDA1B9C0CEE288E4AAF"
"du-rework/packages/observability/src/metrics.ts","8E75BB7B20EB6D2812A3F71244665439622D98072430FE1BAB094B338D10CF2E"
"du-rework/packages/observability/src/redaction.ts","221B898A4F0E5EEDD42262A20F677EFAE0249708E57780FB45F5B3EB07D1262D"
"du-rework/packages/worker-sdk/jest.config.cjs","90698763BB1E7CBFB683634D698B48EEA39A32767D2613CDF4045CF5E8713F11"
"du-rework/packages/worker-sdk/src/artifact-multipart.ts","9A3E8899DDF7E606ADCC64C91F0207B105AE8EFF3D7159E0006767D7B366B938"
"du-rework/packages/worker-sdk/src/artifact-streams.ts","21CD0FA96956AB7D2FD088D2627C2CEBC19899156D7B76D2CAD44BD3F1DD12B2"
"du-rework/packages/worker-sdk/src/bounded-fanout.ts","ED3A6217F9DFF56D2F64D05DC34E8D86153084C95E14E3FA8C6E76F673E4EF99"
"du-rework/packages/worker-sdk/src/connector-invoker.ts","A6F8D54CBD813DD9C9E0BED79B7D46EE73641FBDBF2CF04C53EE641574F1EF88"
"du-rework/packages/worker-sdk/src/connector-session.ts","1103A77451D8CD6BBAD45D403DD52BFBFFD57B4B5916A82D85851735EF942AF1"
"du-rework/packages/worker-sdk/src/crypto-seam.ts","54C238AA566BCF04A7FFB7CE9E71EBF9CE90FD8DF8C65FF59E9A593646F2A071"
"du-rework/packages/worker-sdk/src/crypto-storage.ts","EE382E4CE5E1F55FC01BC7039D1DCC89FE16216E43A8174A4FDA1890593E3177"
"du-rework/packages/worker-sdk/src/fan-out.ts","410EA97532106511F5A968A5A25B2CEC1DA637F85FB98C5F2AC9F371F66763FA"
"du-rework/packages/worker-sdk/src/index.ts","76A0A16F26187AD19D3D28D697FCB97632A006E1D364078666D1E72FF621552F"
"du-rework/packages/worker-sdk/src/runtime-client.ts","E76564FA11D0FCADC7540CC3AAAFBF8AC22F328EEEF49177E138A956E3111E55"
"du-rework/packages/worker-sdk/src/source-acquisition.ts","BE7AC23AF99E63916BFBFD4D1314F0D7D9EB04FE00703F3AEC94CF9571563E1E"
"du-rework/packages/worker-sdk/src/source-ingestion.ts","8E13F361FF50A7CA068570AC9F97E74D2DB93140FD73F2FEEB4009FD6B54FDE8"
"du-rework/packages/worker-sdk/src/task-context.ts","F81D4D56D782F1680D0587151A33CE2C45B6B2405F077020CB41EAC0F8217E68"
"du-rework/packages/worker-sdk/src/types.ts","DED3E9F350B80E70AF597BE930C7D1BF44D382764AB10AF343C169BAF5F2C598"
"du-rework/packages/worker-sdk/src/worker.ts","7A62A47A04C2C41CBB7ADD488AE05A400E7927131C27F44BAB5058522F173C2F"
"du-rework/scripts/build-all.cjs","9B31E69E08C2B5CD8F444FF877F20169D3796C9B3A60195AAB1D16152AFCD83F"
"du-rework/scripts/dev.cjs","88955D28C68AA934694E0D9E1978F1903974BF6D31D1029DDE9C8CF32847FCE8"
"du-rework/scripts/docker/build-runtime.cjs","D943BFA5AB3A9F3AE6DC69B146C32B84244F5A19FEAA41A6C9FBF0ABF97953B8"
"du-rework/scripts/docker/init-env.cjs","EC385A5AF1C15FC3324800468401DF84E28AC56255B9F176F9970CE325633335"
"du-rework/scripts/docker/sync-dockerfiles.cjs","18DC3B55D57DC8E281950777E5687291DFDBF09ED7F72EC7FD871B504A6BCAE9"
"du-rework/scripts/migrate-local.cjs","3EEA36B9B25DDF94473FE1907F7520C6E1E0C6A2D32903F8ABBBA8AE398E1166"
"du-rework/scripts/stop-all.cjs","EBE8F590D59AE176BFE0F74E3B30DADF90A33B054B347196F70BDAD79B0E9C96"
"du-rework/services/connector/jest.config.cjs","24963D52026F4583FDE41C89993FAA3D50B586F7C2C991A4135B7D1CF643A656"
"du-rework/services/connector/jest.unit.config.cjs","FA5F6EED4838AAA25B2A5FF05C969F1605EAE94220161011F37CE00C79E6297F"
"du-rework/services/connector/src/adapters/http.ts","8DF114AF9959F825EFE3B03536F9F749C11426F9B1DFDEBB8C852FF85626CF6F"
"du-rework/services/connector/src/adapters/mapping.ts","99FAA69FB6F4727EB96012863ECC905A6B80C721CB2A596400BE32B0C9EAABA2"
"du-rework/services/connector/src/adapters/pinned-fetch.ts","6C6A4AA0CA7DF442765119F3BF206276329005FC6EF5155EA9DB4DD46EDE6AF6"
"du-rework/services/connector/src/adapters/registry.ts","222B57CDF7857FF2F1C325AE5804A5D7E19F8D9041CFFB4786D2E6219B50F3B9"
"du-rework/services/connector/src/adapters/transport.ts","1D600B133E417C6A329B63D73CF37D5A23477AAA438B6D9788587A7D393908D6"
"du-rework/services/connector/src/artifact-content.ts","61A8E91EC4EA7C0CC592A3B0635FE98C6291F3F04BD05236F5106BBE2D5ECE55"
"du-rework/services/connector/src/composition.ts","997490195AF252D83A01B38EB65D9B37B6966438178F83A8D24B79FC6E570FD8"
"du-rework/services/connector/src/config.ts","DACA8611230ED921A58EF094C234E6C925B06351145F52BA07B4A2DDE0265BB1"
"du-rework/services/connector/src/contract-grants.ts","5771B232CDBBB3120FD37988E017C3EBEC4722C3F89A661ACE5B26759BBF65D9"
"du-rework/services/connector/src/contracts.ts","C02BEFCFAE85CAD906C0452B51A28F2F9FFC5CA29AF8A79FD7B87E16FFED8F23"
"du-rework/services/connector/src/db/migrations/001_connector.sql","0CE5E6164DB756F6F8EC8F736D3F2368F6731C7D44E7E43D43B10857AE6CC3C2"
"du-rework/services/connector/src/db/migrations/002_connector_poll_recovery.sql","53ACA0204E64D87E906BE0830D60D93E6549B63062E2D546DF8A6336A5021B60"
"du-rework/services/connector/src/db/migrations/003_connector_quota_carry.sql","0C65DF23157840AC5A47F83C54D187CBD0D040CC86E03D4A31B5F45F2D810199"
"du-rework/services/connector/src/db/migrations/004_connector_poll_backoff.sql","2615BC0A45941F0E7283DF135F2749D7E9EC213BC06EC06BE0A1806676F44597"
"du-rework/services/connector/src/db/migrations/005_connector_polling_state.sql","959E2FB37F104890AA463464B604EDEB2F0786EB5ABC35ED9E78EE981C040249"
"du-rework/services/connector/src/db/migrations/006_connector_revision_lifecycle.sql","818F626F85DCBEA9FD9C1A4759B8DC94116A3D00B5AFEBBC34DE62397D3ECB3B"
"du-rework/services/connector/src/db/migrations/007_connector_credential_source.sql","748060A06B360E76449D95C9ED82ACBB04DEEECF0942DC74678BFBE37F33C7A2"
"du-rework/services/connector/src/db/migrations/008_connector_revision_binding.sql","9534F205FC3CE489B015C2BBEF4A1B5E4CF100D319D5BE963705D96920AC1A66"
"du-rework/services/connector/src/db/pg-client.ts","24CDC7291BD260E03AFDA22D6BEEF2DF3E0BC30AF6559126984F03E46AD17D93"
"du-rework/services/connector/src/db/repository.ts","723424C72324CAE1FC08EC0F2673AC223E9A008F93FE28860EE0AB275DE1D41B"
"du-rework/services/connector/src/db/sql.ts","1413699983BB39832CF5ABE364C7BA48B4C8D6F23542D3FD99C312D9E3A9D2E2"
"du-rework/services/connector/src/db/usage-outbox.ts","BF33A75F9C03493B901C86CE4DE004AA52D6372FB9FBEE20C8A891E2C646DD9C"
"du-rework/services/connector/src/entrypoint.ts","905AFC1AB717640FF398394F3CA6921E50165856A3E7B5825AE29B8277C9F565"
"du-rework/services/connector/src/errors.ts","0E3FD6DCE66887CC10C70C9A8C78E700A8A26B007F772D6AB648E53AB6A5DE01"
"du-rework/services/connector/src/grants.ts","117CA0F19A33D1D2D88A27E99CF520968C5B64583A1C10590A22943D01BDB285"
"du-rework/services/connector/src/hash.ts","9B88D361BC758318F4EF48B7AE423C4E5410654627BD9E36BB8C4D010E5C8AC2"
"du-rework/services/connector/src/http/server.ts","5695E3928F6816196B2E035CE45926EAA4EC3EE0EA9B154796358CB68A317425"
"du-rework/services/connector/src/identity.ts","7A24DEE99A225EB34B9F66CB72E8F30982ABCFA2A8A683CE3E96073E17D74A01"
"du-rework/services/connector/src/index.ts","45122B1E68EE255FBCA0A9AF8922D38F14D623DBFA2BB5ED2DAE75C5EAAE4A32"
"du-rework/services/connector/src/invoke.ts","2DA85766C1E09DDF654C4F4ED9C40CBDF484F7A596AF4741BAC073B11594070A"
"du-rework/services/connector/src/ledger.ts","E64DE585712361FB370790479EFB01CB70302D0CD88DD678F325C095AD518801"
"du-rework/services/connector/src/lifecycle.ts","2954BA88B5904C97CF5C74B930D914CD3C88C34A9EA50981ECBD440A088A41BC"
"du-rework/services/connector/src/quota.ts","D6E715D0B0CF6E5C592A17FE8976720E92E03086A819033E8902C54963E401D3"
"du-rework/services/connector/src/quota-redis.ts","E9FF43684FBEF79F68BE6A0E374070FBBF8B8F5DFCB874AD8A9717C3F9280D27"
"du-rework/services/connector/src/redis-client.ts","87C7F2C94EF6BA8C464CF8FF3B32084F9E5E0C7BC555FE1CCE18FFFDC291B2AB"
"du-rework/services/connector/src/services.ts","B73FF4764D01FA4824857EA5B6B83CB666F2000C387416743B28DB2380EE943B"
"du-rework/services/connector/src/types.ts","302A84DB2D4CBB14BCB09E2B45AC82DFBD2DAB33FE0A28D93991169EE40F5E6B"
"du-rework/services/connector/src/usage.ts","0B0775F3D96237BCD6847C6D9837432AE66B7E8F89A2A07963BDDBD40D6C0608"
"du-rework/services/connector/src/usage-dispatcher.ts","58C58E3C137FFF72B79B16292BF13CBF76FA496A29BD66C220EB3636B8F3782C"
"du-rework/services/connector/src/vault/resolver.ts","E200581601F72C0A862E43ACC3A4F6673C38D48C96976BC26329EFB567180A1C"
"du-rework/services/connector/src/vault/token-renewal.ts","51F6670C2CB84E1D52A9F6FB52D81720607C82D53227719D936B87E8BCA4A660"
"du-rework/services/connector/src/webhook.ts","6EB87C4C8B0FC76A48C7B69214A66DF9ABF1A976443B4CC0CD52F1E6B14163D4"
"du-rework/services/orchestrator/jest.config.cjs","162FC75BCCF7960960273725FCF8B46FB93AB70F30BD20DC3EA0EB27319CF8FD"
"du-rework/services/orchestrator/jest.unit.config.cjs","027032B21948140175B7880769ADDEAEC51CA68623BB277133C9F207B45C92A0"
"du-rework/services/orchestrator/migrations/0001_platform_v1.sql","1DD3BAC7A9F87F9DFA21CDB18352E18671FAE3B1D1782E4212A93C60E1333973"
"du-rework/services/orchestrator/migrations/0002_usage_events.sql","6822E2B7957990B43BBBEAC6B37F3DD37375C6DFEE128F7FB9BFD2EF9C4D6D7E"
"du-rework/services/orchestrator/migrations/0003_artifacts_grants.sql","AECF20FDDD6A1BFBF3CCAC6E81E8360DBFCF92AA05D57968F4A891B090E25898"
"du-rework/services/orchestrator/migrations/0004_profile_bindings.sql","02D599AA941D383576D74DE94273A586AECE20990FB0AAD0119E68D222817947"
"du-rework/services/orchestrator/migrations/0005_continuation.sql","7CE69974F626924CA5C63325B18DE33F779AABA4A97549B39DFBCF6C0FCBDF22"
"du-rework/services/orchestrator/migrations/0006_active_version.sql","E80BEBA700C6A0A2428C3FDE9BBDF5456D272AD7C58A591784CD27DC87AA4EE3"
"du-rework/services/orchestrator/migrations/0007_webhook_deliveries.sql","E49325AEF189EDD47E22AA3403D1DD70780B0EAA65A95BD2C96ACCAA8D1DC408"
"du-rework/services/orchestrator/migrations/0008_artifact_grant_fencing.sql","7D0C734E620A706BD56D5A0E0EA1698438B5F5A7C97F8E1F3F3344104C144ECD"
"du-rework/services/orchestrator/migrations/0009_operation_submit_artifacts.sql","E9942FC6E61F27F09E0A4ACD0F0B44A76D9EC7F193ADB10196E35EA16E44AF52"
"du-rework/services/orchestrator/migrations/0010_admin_audit.sql","0B670947180560A0375F711CFCDC0E3F0DD5C2E371E1393914BF1FD8D8A22131"
"du-rework/services/orchestrator/migrations/0011_artifact_finalize_epoch.sql","75ADBF5363525AA86607230650DEBF776390B09024449F4170F1BE091717F40B"
"du-rework/services/orchestrator/migrations/0012_admin_idempotency.sql","9E4A1142753AD3B9FE66C8C39BFD2FB7E635F2075EF0714827D37BBE54F2FBEF"
"du-rework/services/orchestrator/migrations/0013_artifact_storage_version.sql","D28637607D7A1953F5704DE631F0ECBC5872384C88AA92D36DF4106C46B0CEEB"
"du-rework/services/orchestrator/migrations/0014_artifact_declared_filename.sql","160D88A3160ED22DF416C13F5CC8A93C4962EEAC9B9DDE8DF7ECC102E75E277D"
"du-rework/services/orchestrator/migrations/0015_artifact_multipart.sql","41A797D29CE1F54E06EA2F76EBC61EBA2A3FFECCF51E5DCE17E629F27BEC4121"
"du-rework/services/orchestrator/migrations/0016_public_upload_token_index.sql","34628C723C5BF80DE0F8D07506276D23E384324265A47012E1DF1D0AA29F2D15"
"du-rework/services/orchestrator/migrations/0017_operations_keyset_index.sql","8588AF12614CEC4E07BBCB3C3A067F170A790517587D8303212C41434D5AC00A"
"du-rework/services/orchestrator/migrations/0018_operations_sort_keyset_indexes.sql","DD3E60C7828EC64C2E967E8F63066B6DC8DF2A9BBA5B7E3F32880E3006A54600"
"du-rework/services/orchestrator/migrations/0019_operations_deadline_coalesce_index.sql","8554CBBAC49325A487EE2FB0F028044219D8CCFFAD5C3914C78BC09979B41529"
"du-rework/services/orchestrator/migrations/0020_admin_crypto_config.sql","E424084C52EF66C4005353A42ABB779E834686B221A9226B7AF7A34E74C9896D"
"du-rework/services/orchestrator/migrations/0021_admin_list_sort_timestamps.sql","437BA45C9FF66718DF48597ED88665EC8D46907FBDA009CD08BE9522E266A026"
"du-rework/services/orchestrator/migrations/0022_budget_reservations.sql","E2192B37A9AC06B03AA39871F87D7D4B591CE239EFAE76FFB38149B098496D10"
"du-rework/services/orchestrator/migrations/0023_admin_local_users.sql","4FA9F8CB03A9CA3E35CEA00C1CA57E7BF0E04DC2C36ACB2CB3FE2F0BD6925D09"
"du-rework/services/orchestrator/migrations/0024_legacy_parity_columns.sql","99B61459F9DD33595378E287E0B401A18BBB923320AB2F5B4B42CFC5CB3E2C57"
"du-rework/services/orchestrator/migrations/0025_artifact_manifest_version.sql","2B8B64CBB69EE7F5FD9C49A5E7BFB6A30CCFD8058940F4423B13184F5E81C4D1"
"du-rework/services/orchestrator/migrations/0026_profile_policy.sql","B98615F802AF4F20FF7DB83039D14525E600D5D53A13E94BE298CE40F2302D72"
"du-rework/services/orchestrator/migrations/0027_profile_active_pointer.sql","EC28DD7CFBBEFCD49E46F62EE23FCFC5662097232FD4C580446C9F956111FBDF"
"du-rework/services/orchestrator/migrations/0028_profile_name.sql","5289210AC79726CC5F02A7095A65DB8C23D66DE65BCBB4772F29D200E51C206B"
"du-rework/services/orchestrator/migrations/0029_audit_actor_principal.sql","96C03D2B5C06F3297CD87BD0AC0A66017129E12F7B6DCBE455B499AF9F6C9C44"
"du-rework/services/orchestrator/migrations/0030_prompt_revisions_pin.sql","3709A5D4DF0E3F8BF3021ACA39EBE84F9818118AF1C418490F095F67B2016625"
"du-rework/services/orchestrator/migrations/0031_prompt_overrides_ref.sql","3BD0ABE39F69FA2CDAB2ED52B9C85378FC1FDA18C25CDE3962000635E5B26EC5"
"du-rework/services/orchestrator/migrations/0032_checkpoint_session_ref.sql","69A9CC6BEA5DF9A999546AB5BB98A43EE1A1A0C3835BE5D7E8C6AEE72788E55E"
"du-rework/services/orchestrator/migrations/0033_profile_request_redaction.sql","F1CCAF06B540E0B37A7D9A227B7109847FB8059AFCE840935F7590C33377F815"
"du-rework/services/orchestrator/opt-perf-01b-ingress-concat-bench.cjs","1A9849034720DA9BA55065D4FB177E6D6C7D83DCA9B18D7B5BC34402BA80F124"
"du-rework/services/orchestrator/opt-perf-02-crypto-chunk-bench.cjs","6082F5BF71F747B52187FE9C6D8DDB0BA1D629263A66974BACBC5796F712AB26"
"du-rework/services/orchestrator/src/app/admin/admin-auth-mode.ts","16FBBDB9FD407FC51D16A302EEA5B038612F902A1143E6645CF2C8167012583A"
"du-rework/services/orchestrator/src/app/admin/api-key-section-data.ts","8458B721F57857F336D6090BE0F330EF7BDA521B143DF19E636D465B48E3FA54"
"du-rework/services/orchestrator/src/app/admin/api-key-section-renderer.ts","62E043E5C6AD44A294B7CFF3E6534D95EC88A5BE7FA9EDD4FA71E6BF3D66687E"
"du-rework/services/orchestrator/src/app/admin/api-key-view-models.ts","D9985C2728C93FCD00C7F1158D2BAE2E4B3139CDDD433178B65106D36DE5002C"
"du-rework/services/orchestrator/src/app/admin/audit-section-data.ts","47FD74A1DB61FCB0D02051A2CAEDE10000270F10EDE302E2EEC659125EE27BB0"
"du-rework/services/orchestrator/src/app/admin/audit-section-renderer.ts","D473341FC425DA566B9D762C21E28204513E66B01CFB795AEC2889F223121EA3"
"du-rework/services/orchestrator/src/app/admin/auth-dispatch.ts","FFC99EC1F6558B66F97B8A1E42645D3546B4723DE1EF3B1DEE8B03339E296AB8"
"du-rework/services/orchestrator/src/app/admin/bff/body.ts","2B83D99549EC3FD4C4F564E2A37C1A9A80B54565D2DA742C53989295D2BD5B7A"
"du-rework/services/orchestrator/src/app/admin/bff/context.ts","D15D651575D1E2F543C39DCA3D4B702BF27A9E693FBF58F936FADBC5A25AEEBD"
"du-rework/services/orchestrator/src/app/admin/bff/envelope.ts","FC7594DA5D0894D231EE9F8BAE9DC8F2CE744604ABAEBA9E7E23543C35E06EDB"
"du-rework/services/orchestrator/src/app/admin/bff/handle.ts","07199A0B41D1AA702A02CFBF50C571DF3B7A85D821F99C213BD93A4FF14F84F8"
"du-rework/services/orchestrator/src/app/admin/bff/identity.ts","038234BF4025DFF218F93B16219C2FB363E725C1EFE67483C431D7FD30ECF47B"
"du-rework/services/orchestrator/src/app/admin/bff/operations.ts","2D9CA5DD198E54C4EA66CAD6787B373FE460CF212AD7CF28BE7ACB885446AB61"
"du-rework/services/orchestrator/src/app/admin/bff/profiles.ts","BBB412C25EE803D0D829E756F99BBFE66535839FEC6AAC1959E8DA8DDAEF2ADF"
"du-rework/services/orchestrator/src/app/admin/bff/security.ts","67F1C2300B1708800C658FDAFB9D2AD8C5C0242EA3C2479CB827DE16562F84D1"
"du-rework/services/orchestrator/src/app/admin/bff/settings.ts","72BBFD01F33F43B21718E63625FFEC9EEE9C9246A86D32C1B691487475545F8B"
"du-rework/services/orchestrator/src/app/admin/bff/types.ts","BF204D7B6BD848E0447DA2023B2113310D146D7471E55821AA1085603AC39D7B"
"du-rework/services/orchestrator/src/app/admin/bff/upstream.ts","F951B3B37C5F1F52FD7723604309432E87C9341F7675AA92F20AE905EE5B4BEE"
"du-rework/services/orchestrator/src/app/admin/business-section-data.ts","2165554275EFFAAC9F90C1018154307827B39BAAC7581FCD383F88F9CDC5EA21"
"du-rework/services/orchestrator/src/app/admin/business-section-renderer.ts","57A6F43557AC9D1BDF51B45BF1F83DBB0AA8996ADD311AC102F1BE6C0F370209"
"du-rework/services/orchestrator/src/app/admin/business-view-models.ts","3686B6CB5340283951EC0E377D3989A8CB2FEAFB85390677274BC11B6F1BB678"
"du-rework/services/orchestrator/src/app/admin/connector-section-data.ts","A765CA4E951D1EA01BB63315B2F74EB79C408FF96DF7EDC90446A982DE71BCF2"
"du-rework/services/orchestrator/src/app/admin/connector-section-renderer.ts","543F38561D17AAF43B46356074BFEBFD6487803A9E97DC6142C2A8D0CB903F4A"
"du-rework/services/orchestrator/src/app/admin/connector-view-models.ts","F2B38DF3C4E01ECC106E0F1A0BDAC198059DD11A477E5FFBA6877E4BFB60C142"
"du-rework/services/orchestrator/src/app/admin/crypto-config-api.ts","0911C554F48611B2D9EC6CD1857512DCE28915AB5CFBA70755C6ED1835DFA55B"
"du-rework/services/orchestrator/src/app/admin/crypto-config-dispatch.ts","4F46F3DBD7D6DCEB5E680E0AF25903F603949B0569D9FE3213021B69CF2EC2CC"
"du-rework/services/orchestrator/src/app/admin/crypto-config-index.ts","DD1B3C74E893473347CBBDE5C30D74E20B293BB36D246A081083C06D9634A66B"
"du-rework/services/orchestrator/src/app/admin/crypto-config-renderer.ts","233F185EDE3F302E59FB17F3CA54B4F10BE9BBFB85F6C0A5C319EDDFEF9A0B2B"
"du-rework/services/orchestrator/src/app/admin/crypto-config-store.ts","BDB01238E84793269EF1CF44D9689CFCF07542F189F9D881C4CC998FC43E79B6"
"du-rework/services/orchestrator/src/app/admin/crypto-config-view-models.ts","707F742AB8E462CC4F822C306BB872798BFB6DD68021131F0CC63B13DAF8816A"
"du-rework/services/orchestrator/src/app/admin/index.ts","FBB5764E66985B0F0DA49161740C6381279614A999DFB72E9323FDB1C74BCEC8"
"du-rework/services/orchestrator/src/app/admin/mutation-dispatch.ts","06CE26C7ADA4E23B2F0FCBCADB478213CD71E474D8EEB15DD3079089A4C1DE24"
"du-rework/services/orchestrator/src/app/admin/oidc-boot.ts","7E9D5550CEFE48B6D44B2D4701A950D2000436BCB786EE5263AB93A6EFE7FE68"
"du-rework/services/orchestrator/src/app/admin/oidc-flow.ts","B6650F453FAD51CF20626D55EAE9A6FB4D3DE4548CED7FF9BAE81E4739E2FBC1"
"du-rework/services/orchestrator/src/app/admin/operation-section-data.ts","78A058D5CB141C35E1DE2FD0009D0547C12B9D3D87AFD21749216BF2EB6FEFA9"
"du-rework/services/orchestrator/src/app/admin/operation-section-renderer.ts","9DAC9F477F2C7AF0330EE647B54AAE2ED2A646F42A95466262AF472583009AB7"
"du-rework/services/orchestrator/src/app/admin/operation-view-models.ts","8630532597FE3134E764EEED5B16005179E087355DA843ED0400C3649A69935B"
"du-rework/services/orchestrator/src/app/admin/overview-section-data.ts","2499D1652502018214FE837B9996E634C09CB8CF8A7DDB077C71C277B7615052"
"du-rework/services/orchestrator/src/app/admin/overview-section-renderer.ts","BB33617084141B037FD9859F4B8ACAAAAACD045277D6F7B4A0F0523D20BB5D98"
"du-rework/services/orchestrator/src/app/admin/overview-view-models.ts","A274302AE1BA2224E9D9FDCB7B1865892EFB71A4F81C78B9CF76061D7F2420C6"
"du-rework/services/orchestrator/src/app/admin/p6-01-shell-fixtures.ts","7E5FA4E11B9C4A062E06B12E211F74FC4D8522294AD143AAF3B71C1440FDF590"
"du-rework/services/orchestrator/src/app/admin/profile-section-data.ts","EEED10A6858C9ED667A3052E43EDEFFB382F29FA107C46204CFCE213B8C36491"
"du-rework/services/orchestrator/src/app/admin/profile-section-renderer.ts","AF306F043BC526E209D24CEA0B398DB4A811AF3D325EFAD58CC15B16E0BA4DA1"
"du-rework/services/orchestrator/src/app/admin/profile-view-models.ts","B8EAAB8998536FD55B816FA44CB0DA00954E4BDEFA5313A102E5BF5938093DA9"
"du-rework/services/orchestrator/src/app/admin/section-dispatch.ts","C839928154B614CCB8FFE06671D8D2B29E669E945E5C4739269F00E0D26C75A6"
"du-rework/services/orchestrator/src/app/admin/shell-auth.ts","226BCE30A7A16FFC10A902BBAE7FB889AD798E2481556925C7CB5444F54F9259"
"du-rework/services/orchestrator/src/app/admin/shell-render.ts","25B80EDF35F8F34AF37C0A4DFCC5FB82A998E446224952E1250293762487904A"
"du-rework/services/orchestrator/src/app/admin/shell-router.ts","8A69FB00BAF31B83D06F8485FE234A5336262B7CBB29F2B737A04A741A9ED6B5"
"du-rework/services/orchestrator/src/app/admin/shell-router-shared.ts","7A13F47BAAC6BB0B6013EE934D62A6E641C6C88864761DE0E36E637C35D4C065"
"du-rework/services/orchestrator/src/app/admin/shell-server.ts","A3261BA2E72DA28E03A64184A5DC0B623F0C25E32ABE76D2C6A31C575573BEB9"
"du-rework/services/orchestrator/src/app/admin/shell-types.ts","5419BDC085719E221C98421541F7BCD11E4F1C9FA6F55FB5CD0082E5B31074E3"
"du-rework/services/orchestrator/src/app/admin/types.ts","E4528F469155BA33EE82BA0EAA17169077DCABB39055A2F574842819569E47BA"
"du-rework/services/orchestrator/src/app/admin/upstream-error-body.ts","8959EF6758418772595543F41FE5C83CCE4784A2C4688B87EB75079F1C51B14F"
"du-rework/services/orchestrator/src/app/admin/view-models.ts","B3B91A3936947AFB84942C90CD16E18B66D0E4DD6C96FF8678ED0258D8FAB0E7"
"du-rework/services/orchestrator/src/app/bootstrap/create-app.ts","A3503F7C02F7888AAEF0F00E74F970A613F09A09FFFE84553DCEA0EC827669AD"
"du-rework/services/orchestrator/src/app/bootstrap/crypto-wiring.ts","81D02D4FA6D8E352AD47ED72427E75853E6F598CFE2BE0707F7D62FB7943BE49"
"du-rework/services/orchestrator/src/compat/legacy-action-router.ts","E03F6C8AB630A3705FB833ADD52ACEE6308787AD5B4DD40B689D88FDF64F06B4"
"du-rework/services/orchestrator/src/compat/legacy-envelope.ts","154F7D2BB48D4C8934A42098D9AD1E8392BAB811F5B6DA5E147CC8A6C86AECBD"
"du-rework/services/orchestrator/src/compat/legacy-form-bridge.ts","E7D688FB34C2BBB23BF85AC080A2243340B98ECDBEA4218F066262AC95AD6F8F"
"du-rework/services/orchestrator/src/compat/legacy-headers.ts","271FB2808EC982889D986B74A484E84A2699B3C9192A9032D8A923E689577063"
"du-rework/services/orchestrator/src/compat/legacy-host-adapter.ts","3432DEC7734C9219498F84D81E1B3E48F963C57B272C54292746635B0F19155B"
"du-rework/services/orchestrator/src/compat/legacy-http-mount.ts","4AEFF966CC382D982DBFCCEAC4BC6DFFE77EE9C4F7964DC4B2F36937C93940FD"
"du-rework/services/orchestrator/src/compat/legacy-input-decoders.ts","AD9974DD9EEDE882EC68762678E1D4EE3148FA90E61BCD53FBAE3C2889A083B4"
"du-rework/services/orchestrator/src/compat/legacy-multipart.ts","618CB8885F226440219DDA87BAD359E721223E678A3DF6E7759C44BA643EDDC2"
"du-rework/services/orchestrator/src/compat/legacy-operations.ts","E6676884B91960A5A0D61D5F94C5A24B99C311F3702B5EC65A1B12EED1E2455F"
"du-rework/services/orchestrator/src/compat/legacy-operation-serializers.ts","624807F1A9A73BE87497426FD14BF0A968B11A6C3C5BE2A3B0B3E944F129A9DB"
"du-rework/services/orchestrator/src/compat/legacy-public-artifact.ts","59E80EDCB97BF475E0AAC47370232C6F321777AA2C462C5586EF36D38E655FCB"
"du-rework/services/orchestrator/src/compat/legacy-wire-decoders.ts","A5A750963ADAFE9FA47A95CB4EA4185BC8902B1DB9BA93EF4DD52B2C11F360D0"
"du-rework/services/orchestrator/src/db/db.ts","40F01C50D2694C69EC110E0075D56B474620E08024D828AEF67CC7AA8FC018D2"
"du-rework/services/orchestrator/src/db/migrations.ts","593C7E80305979D354EBE5DAE01FA43ABEDE8D1C4338D03ABF12782AB807F217"
"du-rework/services/orchestrator/src/http/errors.ts","B4B3159406460364F1CB7D2024428DACC6805975CACB9F0EFBDBCC73A4FCE9AF"
"du-rework/services/orchestrator/src/http/ingress.ts","7D590CD034E21A45F3321A579F26F88B0C8B77D98EB5DD3703EC0B7594F40A6B"
"du-rework/services/orchestrator/src/http/route-context.ts","848EA3A1703A369053B1CADBAEB8B60F6A21E186BD1B7760E3337B917F2856DF"
"du-rework/services/orchestrator/src/http/routes/admin.ts","BF77179F29CB35925E4EC263EA503605A132A25C73CEDA66B88AB0E5617783AC"
"du-rework/services/orchestrator/src/http/routes/api-key-auth.ts","354B2FB62DD2B720F635569D778422B776F68FE2C313DDB3B200DCC78C30CD50"
"du-rework/services/orchestrator/src/http/routes/public.ts","94E6A6C94A52B5599D30FAFEDB2BE8CC9455FB483F59AB63D0DEE842E3FC4DFA"
"du-rework/services/orchestrator/src/http/routes/public-bounded-body.ts","884937DEA358BCC331E8DDB4FC3737DAA40B3E8EB4D340DE74E45EF0B9BC34A0"
"du-rework/services/orchestrator/src/http/routes/runtime.ts","8A4209F370B4BEDCA8C24C52AC5D1B08F7D5D59EE9AC72184F7C53D3A9CA5602"
"du-rework/services/orchestrator/src/index.ts","7C04CCCD7461106B7FCEE2F471B4BE25CE9D87205012B6209BD7B16099D2B416"
"du-rework/services/orchestrator/src/log-collector.ts","B504A89482A26402260265F04E772261690E2616C48DEA69C69156975C827292"
"du-rework/services/orchestrator/src/main.ts","A5115BCBD75E19942977D770D9BC6360AB3104C73601B49FFDFB31FD5115B602"
"du-rework/services/orchestrator/src/migrate-cli.ts","9F7A597D1EBBD12F8B3EED3C4BAD2317D074993924CE7D9EDC5C48B31FF50104"
"du-rework/services/orchestrator/src/migrations-local-users-cli.ts","529E45A3D8F4C26B2D8EA30EDEC685B256728B5787D18851AA59385C493CD2CD"
"du-rework/services/orchestrator/src/modules/admin-actions/dispatcher.ts","9808D0DBCE80607C6511071CA37B5C2BCBD7F098096FE37E6CDD8331CF336B65"
"du-rework/services/orchestrator/src/modules/admin-actions/profile-actions.ts","8BB9D69D7FBB4E0E7E886AEEDAD2895611CAB6EE7B77AA996935293774A9682B"
"du-rework/services/orchestrator/src/modules/admin-actions/rbac.ts","55FE5EE47A97955BC99733BF9433B376D9727EE860B13A0D53E4C3129ECDA045"
"du-rework/services/orchestrator/src/modules/admin-read/api-key-list.ts","22AE48EC127724860A9BEFFD86F678B07CBE2D7A530ED0A6F4A2A4B6649450B1"
"du-rework/services/orchestrator/src/modules/admin-read/audit-list.ts","76F8EBEACF1CA6A20C6F65A77BAB2C604628019537DECBF3B91522D4F626B7A3"
"du-rework/services/orchestrator/src/modules/admin-read/business-list.ts","F76333C559D09B4F218D6105248B6B4B4758528D046FFDA97458B7A1754B4D72"
"du-rework/services/orchestrator/src/modules/admin-read/keyset.ts","B6EE666A5F02AB67E6D92FA297613417EBDD96D4F32E24CCD9ADA18BD2917E78"
"du-rework/services/orchestrator/src/modules/admin-read/profile-detail.ts","5B195A518CAE48D266EC95FA601185882164B796FD2BE61E97C1077937BEC5CD"
"du-rework/services/orchestrator/src/modules/artifacts/artifacts.ts","C300297363D743D424E7EFF1EB5AC7DD511CC1E93076B8C278F44B3C46C72CFE"
"du-rework/services/orchestrator/src/modules/artifacts/integrity-scanner.ts","9C552CD262411631881809497A0F2E32D2500F503CD95DA05A81783D182B6C08"
"du-rework/services/orchestrator/src/modules/artifacts/multipart-service.ts","EF223D765A9E6B60A235E10B77710C0E92A8C18DADECC280ADBA8A4F6D63C04C"
"du-rework/services/orchestrator/src/modules/artifacts/multipart-storage.ts","B4F5D80CF8E11AA1B943A35C0735DA5C34F9CA8DB51C3A18C859285FC1C63659"
"du-rework/services/orchestrator/src/modules/artifacts/postgres-storage-facade.ts","BB769BC5D1DD97DE82C0FEB9B1C3554DE6BB634CB5273752CEB5398B2A823284"
"du-rework/services/orchestrator/src/modules/artifacts/s3-storage-facade.ts","B97CB8F23E009D2DCD1CD6356320261FEF64C53F8C00FFDE67F6A45C9310877C"
"du-rework/services/orchestrator/src/modules/artifacts/storage-facade.ts","88DA85DD04349246DACDAA24C1C721F5B4B342559A7764A746BED907C4A3C3A5"
"du-rework/services/orchestrator/src/modules/artifacts/storage-migration.ts","A0AB34FDA66F769DFB3A5D980426BD4942FBB12B6ACDD71DB488A922224F11A9"
"du-rework/services/orchestrator/src/modules/audit/audit.ts","1076E2B36956A4CC1FA6500E6098D435740CA854CAD7072E9246C1CA4B856080"
"du-rework/services/orchestrator/src/modules/auth/admin-local/credential-reader.ts","6D1C62903DFB7A8F736A0D4B0810B779B8A9C8BC125CDA5911FAA677B0D09012"
"du-rework/services/orchestrator/src/modules/auth/admin-local/index.ts","F8C5781AED4E2DFE6B08DFCCE6CC4232AA52A60E2BE7BB6236D3D2737D892FC1"
"du-rework/services/orchestrator/src/modules/auth/admin-local/password.ts","6D7975182C8172090F21E9E68D867FAA5FD77263131485D8658C71B10513B4FC"
"du-rework/services/orchestrator/src/modules/auth/admin-local/repository.ts","D510F51E7FA17BE93DE56B0F6A5F8FC7408A386E764B821C97786F48101D3328"
"du-rework/services/orchestrator/src/modules/auth/local-primitives/authenticate.ts","68C198181152F717A16F39FFBB8DC7170D8A34A70B921FF6E00BBDBF6B46A6D9"
"du-rework/services/orchestrator/src/modules/auth/local-primitives/index.ts","FBE7D18F8503242B7D0CF89C2DDF5A98F5F5ECF0BB5451260CCB4C7F87EEF0F1"
"du-rework/services/orchestrator/src/modules/auth/local-primitives/login-guard.ts","1EC5B3DA123C4697AAF16DE83308AC5BE466CDF48FF92BCBEF18B4BF14322C1A"
"du-rework/services/orchestrator/src/modules/auth/local-primitives/password.ts","B3C0976075341625A8BBDA0683B4B2B7E1A8670D09B73DE42964CC715CA0B017"
"du-rework/services/orchestrator/src/modules/auth/local-primitives/session.ts","41298BF5EDD5DEB7EFC66FE2E730227AE70DC5B53FB5C7603CE0EC8BAD40BA52"
"du-rework/services/orchestrator/src/modules/auth/oidc-client.ts","0C9EB1BA390CC816FB7F289625A3BF82EA1FF3D782DEE52077952C2A9B1BFE8F"
"du-rework/services/orchestrator/src/modules/auth/redis-session-repository.ts","E17F6128E92DD565F58695F94636EF115B7B2A9723F78EC066E671B3BB0E55CC"
"du-rework/services/orchestrator/src/modules/auth/session-store.ts","7B64F1AD0B1821C7C467D8F1E6A14AADEDC20B8533700A997B91A8B36D1871D8"
"du-rework/services/orchestrator/src/modules/connector-credentials/compose.ts","401ABE6204045046B2E4997325DCE9A09A2D5769ABF8E4DD3B10B3B0D007A79F"
"du-rework/services/orchestrator/src/modules/connector-credentials/connector-http-store.ts","6CD185C443A7E77D184FA5EFA50148C5134C1A452AC8F3D69DDE10F267B27FFD"
"du-rework/services/orchestrator/src/modules/connector-credentials/vault-kv2-writer.ts","F0A2B721706C491FFEAE8DC39DF4ADE0830763FD4C1FAE9EC20821A319473DDB"
"du-rework/services/orchestrator/src/modules/connector-credentials/workflow.ts","496C08CFB83DCF3670CFD53D9C3700BCFE4BD6504C9D3CA586F6C0E699B42974"
"du-rework/services/orchestrator/src/modules/connectors/connector-management-store.ts","ECED6192CFEF4C47BAF82CBC1661A693B1BAA66054F7B2E6F57A099A4AAC222A"
"du-rework/services/orchestrator/src/modules/connectors/connectors.ts","7B74B41B55063DB52428B3B924CDB88C16BB701067644AA9104AE508D8F396AC"
"du-rework/services/orchestrator/src/modules/encryption/artifact-read-decrypt.ts","6C520F28B81C7314DAD93E76A66D8A845A4F7B9325D42A473D53B5B00A0366E2"
"du-rework/services/orchestrator/src/modules/encryption/backfill-metadata-cli.ts","F84386B3C5FEA459C0AA569304B500157F987E69E425EAAF2158BD5CC84ECC33"
"du-rework/services/orchestrator/src/modules/encryption/boot-options.ts","DDDB574515F53CF31F1924E256E90255C794A9F8775C07AA67CDBF6951D9FE44"
"du-rework/services/orchestrator/src/modules/encryption/crypto-storage-facade.ts","7A87ACA7960D599603356ECD7F987CAEA0BBF7093983E95BB563F82091B0471F"
"du-rework/services/orchestrator/src/modules/encryption/legacy-payload-migration.ts","F41EA3D80581CEC8477413A859737E12D6EE2F9881CC89893E3B2547D9194544"
"du-rework/services/orchestrator/src/modules/encryption/metadata-auth-counter.ts","68B5EA105C32C6B66756231EC0AE8ACD58E6439F09FF9A51414B69D32D80E1BB"
"du-rework/services/orchestrator/src/modules/encryption/metadata-key-adapter.ts","0EEF381292961B1460448819C42F6EFCA78B45E398C411CC4152C875D68ED82B"
"du-rework/services/orchestrator/src/modules/encryption/metadata-read-policy.ts","84E737ED408E627495C690E5B9969F95960D22C1919D4C2F94482848FC11AD2A"
"du-rework/services/orchestrator/src/modules/encryption/metadata-window-control.ts","0652538CD23533CDFFB11A751EF280593316217F887345FF3C43929E1B1C7D30"
"du-rework/services/orchestrator/src/modules/encryption/metadata-window-metrics.ts","BA74891D4C760E286E6DC93D2805C14E042CEFD124BEB61EDE3599F77607FF95"
"du-rework/services/orchestrator/src/modules/encryption/recipient-key-registry.ts","D44A7E417F8CF9C21ECDFF60CA4F1CF8D1F22F66C080CB931B1DBE700468016C"
"du-rework/services/orchestrator/src/modules/encryption/vault-transit-provider.ts","2449F9226ED38D9629189CF0F9371910CF91A0DACF12573B270DDD51DD27AB99"
"du-rework/services/orchestrator/src/modules/grants/grants.ts","C3382FE33BA1126B08CAAA308E530235B31E2E4AF549E9D0A24BEA4DA5C3A2D6"
"du-rework/services/orchestrator/src/modules/idempotency/idempotency.ts","336FD233D5592C0E11A6F7EC48A2FA1492970DC36DCFD60A709BC116536FA3B5"
"du-rework/services/orchestrator/src/modules/lifecycle/lifecycle.ts","0DA69707E68BB70DF20C80532EE6501C6F4D8D542A886F3DD2E59C8FED20CE85"
"du-rework/services/orchestrator/src/modules/operations/acquisition-ref-resolver.ts","0D425D6D5263B3EA1F404BCC1A06C9BACD823E49BE71CDD86CA09ACFCB784750"
"du-rework/services/orchestrator/src/modules/operations/facade.ts","34EA47AD07FA53D74A88AE3DCC9BC09314121E94C59175018C9F7C7FCB1D5957"
"du-rework/services/orchestrator/src/modules/operations/ingestion-consumer.ts","1CEC0B063E3394D767E830DF1DFFCF111AD92E8FF4F6C915D218FDADB50ADBF8"
"du-rework/services/orchestrator/src/modules/operations/ingestion-storage-s3.ts","5B5D04DA432A21D757416F1128C23545CCFCF48983D76D7E367CDDF97548D752"
"du-rework/services/orchestrator/src/modules/operations/list-query.ts","A2A1487BCBD91DF7C8498DE722743CD3E999BBC919BEDA94B4CD3FC3D4156800"
"du-rework/services/orchestrator/src/modules/operations/mappers.ts","35D77993690CDB154C0C76B2595761FD5B10D59E09503693339A1793A2D79B1A"
"du-rework/services/orchestrator/src/modules/operations/request-redaction.ts","9BB5E12B9931A519A32BCB331E52711568581777D2997FAE9F91AC353A2F192A"
"du-rework/services/orchestrator/src/modules/operations/request-redaction-worker.ts","3E5357C428524664928121EFAA216022C4A5B653B241272A7BB58CED186D4DDB"
"du-rework/services/orchestrator/src/modules/operations/submission.ts","8F7DA67223B02FC87C00EE75BD7464EACE089DEE95A6B1922880203435725725"
"du-rework/services/orchestrator/src/modules/profiles/file-url-auth.ts","15CFBED3B44575F23CB286AA049FF0EB0A04E345BEBDE490F153B444B2875595"
"du-rework/services/orchestrator/src/modules/profiles/policy.ts","C1A4B262D7BCC98086AC5F14FFC7CB549DB92D69A2C37CD885EF21EC3844BEA2"
"du-rework/services/orchestrator/src/modules/profiles/profiles.ts","8CEDEE25A5390361E36561E1C8F259B71E94B20DE264429F2901B821C1AD0AB8"
"du-rework/services/orchestrator/src/modules/profiles/prompt-overrides.ts","CA2EC15C0BA3F482C7EA7CB81A5632A77C62701154A851CDAB122715393D5CD8"
"du-rework/services/orchestrator/src/modules/profiles/publish.ts","AE76AC4BC2D6480BD88F0AB3004C60637DA1E755F9341164EE06133461E5B065"
"du-rework/services/orchestrator/src/modules/public-api/delivery-encryption.ts","49885B397E5B8C64EC9433CACAEBB94161CB416FFF94F188CDA8682D1EE53F44"
"du-rework/services/orchestrator/src/modules/public-api/index.ts","22795F738D9705FD24A00E3296A1AE7857C144AD9E947182C5D647B6BAA40E7C"
"du-rework/services/orchestrator/src/modules/public-api/upload-encryption-gateway.ts","EF93EE426FBA4969D7DD0EF41A43CA32F1060CF573F2461B1177B289CE60C141"
"du-rework/services/orchestrator/src/modules/queue/dispatcher.ts","F5BDAFDEFB995BD5C14B8586C1735DDF83B71AA812A0F83C7F55C38A2B18EE16"
"du-rework/services/orchestrator/src/modules/registry/registry.ts","B9C8CAF4F330CDC723CE00F4587A1DEC010C26DBDBD49DB4821A87567FB0C80A"
"du-rework/services/orchestrator/src/modules/runtime/metadata-crypto.ts","CD912689722585607DF6217E2F9FBA86C08B0F313312A45A44EF6C27D8236A9C"
"du-rework/services/orchestrator/src/modules/runtime/runtime.ts","D16EE71C062ED5E03CA8047D03C90E360B4DFAFF5E12266285999C3677E51495"
"du-rework/services/orchestrator/src/modules/runtime/worker-identity.ts","D8F830E0DC77955E0C22ED8D4F1BAA695CB6DA70177F54D0131B8B68CDAE1350"
"du-rework/services/orchestrator/src/modules/usage/budget-evaluation-validator.ts","3880881C114BA0194ED7E457704D35BF9CF064265DF405551CFEAC08D26674FD"
"du-rework/services/orchestrator/src/modules/usage/budget-reservations.ts","592B0BCD90BFA8AD72184F7AB31ED16FCB0D5D0ED4A376DDEDB93635223849FD"
"du-rework/services/orchestrator/src/modules/usage/usage.ts","ABCBB4A79B5B8AC3B9B01FA25B643B1FE5C2B1CBFF24D1BB6F4B341631996C51"
"du-rework/services/orchestrator/src/modules/webhooks/webhooks.ts","CB70E35CED5107C9EB4ACD7CB8006EB9520E633BAD3F1801F921AE9063B8803D"
"du-rework/services/orchestrator/src/server.ts","3F4D9759E5823E2617E92CA916342887FA8E7EC724FBEBCD8B0D106A6875292F"
"du-rework/services/orchestrator/src/shutdown.ts","CCA1FB8D19FD958DD1D3D5F62C8E8DCCFB48DBABE90EED20E73D70408226DCF7"
"du-rework/services/orchestrator/src/storage-migration-cli.ts","9C255540940D9DA2F5614729447DEB2DDFF7B81B93CC2DF6E19862F61644FAEC"
"du-rework/tools/file-size-guard.cjs","824F1572884B55ACEE6A26D751ACBCF8EDEB2FA0A62E62FBDFD7A0E5085C68B9"
"du-rework/tools/openapi/gen_openapi.py","926761D474004C96F1B4C57D5AD764C08281EF438635AC8133F34D26073321BA"
"du-rework/tools/openapi/probe_cases.js","162EB0BF88CBD48C34417D5ECC9B61B1C9DCA4A4C628B6ED7624E08EEC303C30"
"du-rework/tools/openapi/validate_openapi.py","1C1629B4F878188FD3B140DE36A1DB04C2F22EE7A7121030528676AB42A6DFBE"
"env-init.ts","5B2FF6C4CB9655FDFD7D97BB3E6F2163DCAAAEDEC16AB457CCF1D2B22B51069F"
"jest.config.js","663C4395D8717F5145E25A5736D248A504B9BA56C2090BCFACFBE7D26D87529E"
"jest.e2e.config.js","E39A666533DF8948B10E3A1E5CDED20235413ED19DEB9C9BA5BC117E719C796D"
"lib/archive.ts","AB4CAAB26C90168A8227BBD6645A0137BDA2DDD2CF01E0F9F60672875D51AF94"
"lib/auth.ts","DFFC9F6E07CE58D727966AD50DF234B18FC2739CC6C0F4E58AD37AA636C3EE93"
"lib/auth-guard.ts","8959763263D4EA41E4A3CD1AC870E0C4C7008EFC7E5754518A1ED7E1B5684FF1"
"lib/cleanup.ts","18DE6300979604EDF14D0189B85D9123DFB57126591D8F978428361CA6F1C2BF"
"lib/cleanup-scheduler.ts","350D52C9F2589FC9314B9A318883B4412C9A1B8B531717182D072F58F5FF024A"
"lib/config.ts","27DF1B4E83BFC670FAADB6DCB57B92227BE41213D2011E9FF3C8DD0B8F834075"
"lib/crypto.ts","41CBED882F5CA379A82D901B85547F16727FE494EE7D5AC3FA0A89D8E1AD553E"
"lib/db/index.ts","3007FE0E5D4284922C116E0F3EA56067353F9B29EC64487BFD678AA9E67EE5D5"
"lib/db/schema.ts","6DCA2244CFD327FA9DD32CE0B5694778226EEEBF5577EEB61909D5C20CB73976"
"lib/db/seed.ts","52F5DAF4599E74D2A4409F2026D7ED70F7495BA4CDA6FDD98BB7FE0D010BF63A"
"lib/endpoints/presets.ts","B6DF49B514875E2CD46159D133B3CA8141957F2DC0E986611C3512980AA88CAA"
"lib/endpoints/profile-resolver.ts","CFF32E68B08029A2929E80F719B9EB8E55507BC8639A4015B8B7B2154C74F143"
"lib/endpoints/registry.ts","CFCE30C09D7682DF6491C7D4B15723C6D11160F06C42288D95A5A9F396D22AAB"
"lib/endpoints/runner.ts","5CEF514DF5F6E4177BCBD129CF4C2B5C0AE6D6B1F2430262FA30F9C915EBE556"
"lib/errors.ts","AD9C6888B352BD83AE4439C70E443E13DA66C4540EEC00054E54305723886953"
"lib/file-url-downloader.ts","6C6A20E13706CEDCCC8FF337AE92235007509C4CE7E0901FDF188634A6F60F2C"
"lib/logger.ts","964356F54849A7339FE4AEB3A3AEB507E02E1D4B04AA88C2328EB2E3B9CCFEF0"
"lib/parsers/excel-parser.ts","1C34EBA9087D52B100BFEFBEC75833D2F2F7615565CE0706C5DB830B03530394"
"lib/parsers/factory.ts","44203DB7930D0F5D199663A3E161A575D209DA034AD2DBD46C0DA0B1E4442A81"
"lib/parsers/index.ts","8689DBC82832547678555528644538E8891C2C4D195C8E1C20E9DBBEAA5E895E"
"lib/parsers/interface.ts","D0B76DB6760560DB55A9DC944C9C74108963C15E6C7DC9285DEF6D2FC7769DD8"
"lib/parsers/word-parser.ts","0CE243232AEE203DB34B3799D8CC03B4AAF25835A19532739A59AEA6282A0C21"
"lib/pipelines/engine.ts","151382AF25226C014200897A891A71F6F0E9CD8D0951093D47989F1193374BA9"
"lib/pipelines/format.ts","2ABD7C9785F8F973DC92474C18797D53EA5F02E85328FDEF2AA834836F6669A9"
"lib/pipelines/processors/external-api.ts","0541A95FB6A2F4D29D88C617BD3420603DE365561AFF410EDACF79CBA48DE397"
"lib/pipelines/processors/http-client.ts","88410B4E5E76F13C0C832EEEA05D994D3E853F06F66CC0142C0CB2DD51EED1C8"
"lib/pipelines/processors/prompt-resolver.ts","74B041E3BD210AD05E4717B4CDFCCF9A0D1F96A5A7FAA027AECF28E63E48197D"
"lib/pipelines/processors/response-parser.ts","AB66026060BB8FE9A723214EC287C6F1E9114289DC9BB846196881EA47364055"
"lib/pipelines/submit.ts","93CAC55528037DD81F724799A75C46A2E4DA3E041B0BBB88A24B1F3EC883821E"
"lib/pipelines/validate.ts","75E02CBE721A1DFE5E9C9F30FFADE1D6E2247BA06378E0A8E6D50B1454170CD7"
"lib/pipelines/workflow-engine.ts","080904A54052A2205D2CDD204EAA1A01F4CDAC73F2271CE88C27C5A35EA34AFD"
"lib/pipelines/workflows/disbursement.ts","9F5A16C9EC1E714DAB3591A490B57EC2AF03713BB528A9271A0DDA40BB90C43B"
"lib/pipelines/workflows/doc-compare.ts","3FF5524B84D6FE5848D8385A6EC4753B3A0D941C7542564B4F920EFE8F91DD4C"
"lib/pipelines/workflows/lc-checker.ts","507490DA2E901D377E8722A0B865BE6DE76E9DCEE6F6D2057CB5C6F00B1D5357"
"lib/pipelines/workflows/prompts/disbursement-prompts.ts","293248784543FDB6129DB75EB8BC45024629B2845C8F1FDEFD6FC2C4393DFB8C"
"lib/pipelines/workflows/prompts/doc-compare-prompts.ts","BA9967B761BF4B6DBCEA72E8BA69671F62CC3742FD6AC468C11D5D60F109BC27"
"lib/pipelines/workflows/prompts/lc-checker-prompts.ts","92AD91504B8FE7301554463FF0338DF14A357F79EB7621A1F8F73A4A7360716D"
"lib/queue/pipeline-queue.ts","EA459B8EEC7D0678F0E9F85D34A691DA3C0D6E76BE17330257A42C004BF9E4E3"
"lib/queue/redis.ts","7E4A7E91F692954363F89DFE9DC1843771C603302AC8C9662D33AD8B2C7D4B28"
"lib/rate-limit.ts","D9D71D810C772183B65332A39E166FCE0B1086630172D5496B634C7D35FA3D2B"
"lib/rbac.ts","4D6B1D67E8B22933B5B612B7C03A267321E6F786C9F7DC058B9C8E161BF088C2"
"lib/settings.ts","DA717E7F9EFEC04EFDDC3EF685E02BC7210A56DF9B471B2FFBC065F424A494B0"
"lib/storage/dedup.ts","5F61156EC717C7AB8A23739D7E2B88D2CA961AFFF8766FA624F02E69FC542D4C"
"lib/storage/index.ts","55D7DF1702648263A3086AC27FF35F03E1AB5C170BE7156F7F72F6F86B02FE64"
"lib/storage/local-backend.ts","D29667F9B5DD75420CA2BCB9C36E1C25CC802FF10B09E4CEA964A1BF5B94957C"
"lib/storage/s3-backend.ts","26A06079CECD3D7E5E1088BEA6F954AB3DB5727A67CD7099A2DDC55AAE660D7B"
"lib/storage/types.ts","680D6ED2B35713A55B073673E5B1EFF9A88D32EC8B57BEA28F8801134281AFEE"
"lib/upload.ts","F25EBC4F5F8947AB3F406DEC6954CA43FB2F4904920E53DCF0F01A3A2A62E858"
"lib/upload-helper.ts","AD4C09AB036EE09B7006BB2DC714C8E5FD58EC8C29B229AA969DBE984F67FAF0"
"lib/utils.ts","22A7F2D073B3243BAB514BE8D786B3AA39C37DE76EEB6E7CD36B5291376F572B"
"lib/workflow-builder/binding.ts","23316A51BB93FB3643320A597D66AF76D33015D8C37B7B8630E4478B13062065"
"lib/workflow-builder/examples/schema-disbursement.ts","DED22F235EFE43B67327360BF94934BFB6D6AE4710312F5010582117B59E986E"
"lib/workflow-builder/interpreter.ts","1EA5AB61FC6715E90F39361FFEF6A9EF4AE4624D3912FED0B93EA959B2967078"
"lib/workflow-builder/loader.ts","3F2B819691D53759286215297A30C3950422A3B718D152A281E44BB98B3154CE"
"lib/workflow-builder/real-exec.ts","2343A07D7B146005BA10F06BE2D79A784C3CB476AA623D3FAD4003B714759652"
"lib/workflow-builder/run-schema.ts","30997DC79B338A9CCBDD7704A799C9EF3440852AB5312F0D299CAE923EFD6187"
"lib/workflow-builder/types.ts","21DC3B1D6EE191BECDC2BF9766CB06CABBA7A690885ABC8CCC516F7E215E2329"
"lib/workflow-builder/xml-converter.ts","4CB1A4F77D2623E4D3E5F852B1A3B9BE5F1E625F032A16B35A2935D269F8FE1D"
"lib/zip.ts","17DFBCCE3553DCA5519040E9998374B1C902D33D69C2F0F436D89C17298AD0B3"
"middleware.ts","38FD2671BB86E310A9582984B74172EFC80786234A505C4BACC7064D06319DA4"
"mock-service/responses/ext-classifier.js","C02980EEB0B7FB4A5F9F35B4B09180D5DBD0E324379F72A2E98D6EB8458BFE1A"
"mock-service/responses/ext-comparator.js","E32C32B0EB57366085E349AAB22597A7FA785A1F4A055D19A826C5DA4B882C04"
"mock-service/responses/ext-compliance.js","E34BCEE884D9EC40E0EF95B8BB5F23D77F1AA5C8058E5BD9BA750DB35B558655"
"mock-service/responses/ext-content-gen.js","4EC212AE15872AD4934CF8D0F7023B02D2953819D98F04DA37E8DB9D96EA962D"
"mock-service/responses/ext-data-extractor.js","3731E4C2490070519BFD22C084679640EC38E6ACA187497BC24CFB1465E0D710"
"mock-service/responses/ext-doc-compare.js","8853F1F316946B23601EA7F9EF10A13239C73DE66BE9C661E9B56CF9CEAD4A3E"
"mock-service/responses/ext-doc-layout.js","78BBEE2A0E9A6FCC0203AEB2CFDFA058E26CD11B5DE51F2423DB21D9871092C3"
"mock-service/responses/ext-fact-verifier.js","46CA53CCF569C9AB87595CA7377BE66F6A841AE42D511453E10B5E5FD8B1A937"
"mock-service/responses/ext-pdf-tools.js","68CB328E5AE8E3CAC1AEFEBCE040E6EF7CE30BE73960FFEC009A1513CFC51865"
"mock-service/responses/ext-prompt-wizard.js","DB714CE02CBB3AEBF3ABC5B2E42D5FD778D98C9718208A1ACD0724697F2C7ADD"
"mock-service/responses/ext-qa-engine.js","C82B8994BF5579916E952A096AB543E78FF51A76473BF0276E77531E69AF8A59"
"mock-service/responses/ext-quality-eval.js","9B189FDEB73BD89048E6B048B904C64C02EDF3E298945FBE4DCED597AA00F5CE"
"mock-service/responses/ext-redactor.js","385715334938BF82ABA49D317D6732CC288E4FC2BEA86B0082AAC9F3A4D84903"
"mock-service/responses/ext-rewriter.js","5D28E152BD437FFAD2D05B0B8195DE8C24D5B7E8D18E6B2C97223C8F190D38AC"
"mock-service/responses/ext-sentiment.js","28C3D1638EF72B7D2053F2735ADBA5704F18AF81DCAE231D75D0AB29A9BE1906"
"mock-service/responses/ext-translator.js","A4EB7B99BD9488F002FC45D81BA64D333F534568D9565DFC72AD8D435A90B236"
"mock-service/responses/ext-vision-reader.js","EA38739D63340BE13AD218493D6BDE4820FA122622834DA3017295D3C46495B2"
"mock-service/responses/sys-assistant.js","7440492C11971CB354C9BD507D941377DEE5A997BB176B16EABCBE48EB13C33B"
"mock-service/routes/connectors.js","B20460E27684E1C1E6A024E6E979C37ADEFBCDACB327B04727ED945A4DB528A3"
"mock-service/routes/health.js","30F00E21532029E76697AB8F3527950F780D0243403DEC1C128047FC5B7E302A"
"mock-service/routes/openai-e2e.js","816AF5F5551C8358EB5642D31509C94A3CDAA31D09D2426C4647160A76776D8F"
"mock-service/server.js","BB54F94DE66C8B173AA9698EEAB87451A4D09909DCDC9678AEC8836D3DC7C8B3"
"modify_page.js","DE4BCFA81F3AA0A628E934B4917DFB487134030A1080BA7DD06DBFE8CA3D83EB"
"next.config.mjs","AA803D45EDC3E463EAF1B2EC04D63AC1F0902BE34EA6CE2471F9AE6508555F8F"
"next-env.d.ts","E462A655754DB9DF18B4A657454A7B6A88717FFDED4E89403B2B3A47C6603FC3"
"postcss.config.mjs","DA1E5E8147FB42CBC582A60607FEA0DF35171AE60BD5617846C841568BBE2272"
"rename.js","FF4B024A9CFA85163C5111C94A7239B05C54875DF15983B4D6F129DD689AE0FB"
"replace.js","B139C4A6F734B6B689F684A1E24BCD9E7DCF861F001184CB498EADC0B8433898"
"scratch/check_filecache.js","9350E002B9CBB76B85FE311B25DB6095F93BBEC26319368E7799F439C93B7F52"
"scratch/check_ops.js","2ABB41E281C4320440AAD9A1851994FD549A7138635B35280680D9CE30F9B17A"
"scratch/check_s3.js","00F638A516DDC2217496C55E500BE6FFA6EC3B43D2E4F8528F02BA3F7B92B713"
"scratch/cleanup_empty.js","208DA62D1462D9E4A2712924C2BA5F3F32CC0D7AE603CB031B94B66A019FFD09"
"scratch/coord-update-0001.js","C7F3733CBE7458485448C2A7C38EA2726FCF93D512DF6209ACB1BFD742E0097D"
"scratch/coord-update-0004.js","A3891552606CDEF0669AACD8EF11F98BBE65AC0F2B506E18EB6566D44C47CF37"
"scratch/coord-update-0012.js","E75F3024E04F52AB9150327B2CD29B43D3C107674DDF1E2870848115670C4413"
"scratch/coord-update-0015.js","AF5025676DDF957071880B9F25E2923FD7292EBDA87FB187D377E4615FF12536"
"scratch/coord-update-0025.js","7293EDE40A4B570463A417B0C67B958E6B40B9EA396B2B35CD10AD350FF4429E"
"scratch/coord-update-0028.js","4F082E47D9C1C3D6F285AC4F04724A3FAAB801E42ED23885F3BEC1EFBC6C4811"
"scratch/coord-update-0036.js","CD7D6C5728A459676D1096E5701CC8B3435D1C7484B1C4C750030E01C1137855"
"scratch/coord-update-0044.js","20C3D389A8C1315BBA0F355944D4DF586AE882F3E81CC040081A9FC4DF07A42D"
"scratch/coord-update-0055.js","21ED887206B9A642812C94E1768E47A87EA06714B7247C3137BCD226423C7306"
"scratch/coord-update-0100.js","FEF3D305D49DC9DF4DB9B571787F994EE7A3D529D00A1366066210DE871C496A"
"scratch/coord-update-0106.js","6C3FD5A6DB989CE9CB63B73663BAE70630402461AC7C6CF9183539045C413ADD"
"scratch/coord-update-0112.js","A647622BB8B689E44B23AE072FFF8D401017E5B9307CB00BBDC9C3A920B0A0EE"
"scratch/coord-update-0125.js","7E94CCB890BA319CC819B9959C0A6194636568E95CAFA5D95F81109323CF4F8C"
"scratch/coord-update-0126.js","9FAFB5A690C64C376F50E551F41354C1520CA7EB5047D0A6B1EF3A24BB800DAE"
"scratch/coord-update-0128.js","15A5015FAC9688222E1C831ECAF0830210A6766E4C998AF3759B158DC71B20CA"
"scratch/coord-update-0137.js","AA9CB69E4F0E460B6AAAB89B28E61023656B2E829AE838920A9FB3884DEE9A13"
"scratch/coord-update-0145.js","9C71385679CEC6A7279A4F2E33E983D32FD0E289598EF14557FDA04F4F108EEA"
"scratch/coord-update-0148.js","1D1A51E553E2D8F52C354B4C1A6663A1B216D5B6CCF06BEE725CE86AB461C62A"
"scratch/coord-update-0202.js","E9DCC145360BBFA207584367F2658023F3F0B064FF2443DBB4DB7B33621EF6E9"
"scratch/coord-update-0206.js","5DD362921F790170558DC82E0F8BDA529AEAA0E033744B627B4782B43AD25C48"
"scratch/coord-update-0218.js","C7D13E179EFD9D1B8A2CB87FEC7B76245F358003312CAC5CA739398C56BD7186"
"scratch/coord-update-0230.js","CA14D9F92248349519C1EE5F62938D97821276F6270DD7A61CBFD16DBF01DB2E"
"scratch/coord-update-0236.js","498EA15905D94C4FFAC57C2085371B4E49D312F0CD7DF4B736DA31BCEDF533CD"
"scratch/coord-update-0239.js","BC14D646F81206D8315EEF0FE7A6A7C28ACAE9B91BECBEC7FE4198262FD92861"
"scratch/coord-update-0244.js","3783EAA79AE92C0312A8AAC1825106D69393F23ED40BA6174D661FC5395E7992"
"scratch/coord-update-0248.js","37D552C8F50E6C15BE79ED2A69116F15937F2C0F9178B817C41E65FAB6739427"
"scratch/coord-update-0250.js","84F9B6CED6D0F63EE8AFCC651E6B192582E2306BE0AA6BAE1E65AF083D416961"
"scratch/coord-update-1805.js","16A1D39D643FBCD6BDDCC23090C6DA5DC5AE60EBFE7243255497FFFEA82C7F73"
"scratch/coord-update-1820.js","B581012FF565B9BB6F7B664C3774E76E63C1205306AACC4EEA790C51D928177E"
"scratch/coord-update-1830.js","885B7B4A92D4F87214EED33DF372AD14632993DFE255DE3C6F605EEE1A597A94"
"scratch/coord-update-1836.js","2628643CD51A57F34D3230954B554847618FDD2BA8A8263473076C7FD3C04339"
"scratch/coord-update-1840.js","AC133C9984DA06E7F9FF4A6A8E7281FB0623479E98297A77E49273817C3146D9"
"scratch/coord-update-1845.js","9562DF85B075566A5AC1F7D67DE61A1ED626994C2C5CBE184526F0E07B170275"
"scratch/coord-update-1855.js","EE57F2C94ADD5F1DA23128125FED47C185D2E04AD080B5727CCC234AF135ADA9"
"scratch/coord-update-1900.js","BD9B773E36B72186C8395D4675CD90C3ED12F4B84DE7271B55F1EFDF575D0F83"
"scratch/coord-update-1905.js","3ACD3D7336B78101B34856D0D129DCFA759402D9307F7384D404C9BFAE087D94"
"scratch/coord-update-1910.js","35488D681D112F76002A039D4E052AB62DEADF27314605D259FA1BA1CA3BD99E"
"scratch/coord-update-1920.js","A669AA468569E09FA095971138B6A12EAB109F932920CC14723EA61591499FE8"
"scratch/coord-update-1930.js","13A04926176ADE724CF3E415629D0CDE33644045BAFC7B64707E218BC82C738E"
"scratch/coord-update-1935.js","00075C7AFC0CE798B7257E5EE1F0B4DD4AE39BAD2418DF4B84A4E617C80EF6AC"
"scratch/coord-update-1940.js","DFEAAA5B4C472B51490EED820C7CB9F160905567A515BAD39B81483895223F04"
"scratch/coord-update-1945.js","58AF6F945A7952B20E186FEA3085C04B949A2ADEC57CFAE0C16B18286833DED4"
"scratch/coord-update-1955.js","4C18CA94BB815069A63A5BD70D424B8CC5AA7985E843ED9FC24D0959946B0BB7"
"scratch/coord-update-2005.js","0E9F94781B792054A5E8F5DCD7B91EA11FBA5E0A727DDE1A85C973D009D9DD4C"
"scratch/coord-update-2010.js","C19F3591DB8FABFC609699832D1F9610AE01B7022D3917B8A91F13E64F02A9C0"
"scratch/coord-update-2015.js","4661AED7DF3EC178B1834E08A5B1D5909BD36393FC8A776B99F17AF1E7E585C6"
"scratch/coord-update-2025.js","CF8EF68557F4FF6AB7C07D247F38803D0982BE33E5980964399013394E3C35C3"
"scratch/coord-update-2030.js","84D4B5B319C639E13DAF630D85EB20A8EB6DFD96EFF20899226F2CE7A454E4A1"
"scratch/coord-update-2035.js","10F4155B6D4A2D4521D54B45D620F47D99FA5F13CA97FB3D9D09654A40375974"
"scratch/coord-update-2043.js","2865F3ADB5227EECFBE0E5BBD92AB18C815D341C3BD4039064D38B6A1C7F10B5"
"scratch/coord-update-2052.js","3CB20BBC5CD83A1BE2EE52971E38E8063520DD46DA53FB838429C12C8EDEA1C8"
"scratch/coord-update-2101.js","5F6115F4B6B97F88D2B879DB3FDC8EB629CBBEE8BB14F21CA3FC4087607D0BE6"
"scratch/coord-update-2105.js","E81FC3473F32040DE59B2B3C2CE461D00D83C22C5D60C865B5E74825E6B8525E"
"scratch/coord-update-2113.js","E7324E3087DE3A1A31AB349B762E913B3CB2F21892902DBB59B79DDA2034ED04"
"scratch/coord-update-2123.js","1F8D521033CFABB96B7153F19780C8C3525E992E42A9F36B20DE59C3FB92B764"
"scratch/coord-update-2133.js","27C287E76F1F5288A39C2DA1E8566934146A4DBFF3346358D3A4E3DD0E685DD9"
"scratch/coord-update-2137.js","AA69CE016D3547FEF0C0FFAED49D6ADA33E2C5B1886874220F5515762D7311B6"
"scratch/coord-update-2149.js","08A8F6B161CF224EFC0F09DBC7A08D54E27CD5BD67ECF25E88EC98071DB28023"
"scratch/coord-update-2155.js","85D3E1E7B3A28A4C46E9E616B89A4401E9C2617497A971323B0532C6E5E1810F"
"scratch/coord-update-2202.js","863E5FB755D468C00D599DD09C334274960A3DA6F1A50589E854F6D0F68FA9F2"
"scratch/coord-update-2205.js","8AF86DD3A5592ADD155C3BB9AA41D7BE5A2DF581F69105EDE1083B1ED0E29BAB"
"scratch/coord-update-2215.js","F9CBE59565DF269E2528724A94730A40118BE98A19A8C53DA89B5A252ECBFCF2"
"scratch/coord-update-2225.js","0DF1795BA75BC2A3C012A95F2CC49A638340A45C47BA6C1E01959DE779688C96"
"scratch/coord-update-2233.js","DD30B98D82CE53946129116153C37CEE2E1CD787008FE91BCDA5E3E0E6AD8F35"
"scratch/coord-update-2238.js","6B0706AEB16E5A97AB6D7E850EA17E14FC2B6CA124612257D97BAD61699E5F5F"
"scratch/coord-update-2248.js","8B76F49E03762AEA6AD739B2BEF37C14407276AB289F563D56109D2AEF45A503"
"scratch/coord-update-2258.js","AB91062241D415B73B6B53A9D7FD0824DFE932A40129E29EBC31A9D983F25498"
"scratch/coord-update-2305.js","0BAB983960F6CF4A9485BC0BBA9C155D9682DAB2AF9A1E474A382AF7EF251B82"
"scratch/coord-update-2312.js","CDE5972E0D113D29117DA2A5F06059F7A9FCD90292C4C60CDFA8A7E3E970C24C"
"scratch/coord-update-2313.js","B7FD94FC0A4615D91DB56006CFFD8E3D69C5A18DAD9D6BB7CB19B50B3D944252"
"scratch/coord-update-2325.js","062E71F594AB50A2A5BAD0D21904EA6F3EB7D6C51F8626A46C09CB6AF56CC255"
"scratch/coord-update-2335.js","ED7CA40D19C6234C97A363125B00E06634F3E59D01CD26F0715B5C32F2EFAC80"
"scratch/coord-update-2340.js","71B57875363DA87C36BC38AAA30E96A4A178572EC60C0ED5A5F4A1E825C4D740"
"scratch/coord-update-2348.js","707EC437492E06558EC13A30778FFBCCA13AD3C191C584DB68984F17F7C09CDD"
"scratch/coord-update-2350.js","D3E4B6007305D61E1D3EC8A62FBD6AAC0CE9A41582C2DD043321B55A76D6AB46"
"scratch/coord-update-2352.js","48F6607C5BE2C4CF3066E4C57171B56BF805FF1991FB06A787E6E220E19B59B2"
"scratch/coord-update-2356.js","D1924EC0880A72E06DDD6B1D0BC43C81F1D88585CEF2A8FFED2689CBA5976320"
"scratch/fix-state.js","6B1C80707AFA72CC130EFC435627EB53E67AB63D60050CDE8595BDB641A59B68"
"scratch/list_tables.js","3955196329061604C02ED65456F0EB18CC9995BB38FC0F07DF719169F996B5FD"
"scratch/patch-1825.js","9B88DD0B07E17F7EB6ACE0A8231B93CF126F5E3A2CB3B2DE6F31084C32D5E94C"
"scratch/query.sql","529AF8DAE69DF37FA9DF3A8B1F7AD37BD158532988D48895EA2002C35280563D"
"scratch/verify-780-pins.js","43F92E6193FAC9A9BE94E957527EBED23B08134F2F4DEEBE1739C5BC20C21FF8"
"scripts/clean-db-br.js","4F9488C403928E42BE56880A3D2C12A760B05FD18C0D175B8ED7FB3C8F2FF860"
"scripts/fix-br.js","1D30E1AB9911905880060EFC56C9B2A63809FA197789C93F75CDFD397234F857"
"scripts/fix-registry.js","DE0F00EB3E96439A1D7E7CF6025748A5864AD8AA2412FE8698E356D1C74A8694"
"scripts/list-params.ts","E83726C634B6C99A432BBF47C9F9243B2FC8C8CDD717E9657F08F77E4AB9F7FA"
"scripts/migrate-params.js","AC1E9975641315B1F005E06C7820C7AB2187B9F3BEB5B362D0D20ED74B881AC5"
"tailwind.config.ts","4DB03FDA294FBCFF9E1806B5196591B0C457FF65DFFF1559D791EB7D1C78B341"
"tmp/create_comparison.sql","6BE016BF33C1E58BDC19C742108170F44937B3AC6F16A03CEC079041F2B04DCA"
"tmp/drop_comparison.sql","E48DC7B98301696E4389DACCA69F006D30863DBFF48BBB6F1CAF48640E07F6C7"
"tmp/fix.js","C113D42FEA4FA24103A2043D46C11414F8E5D2D07669278A36E9B3A370282203"
"tmp/fix_migration.sql","CB59023F34E9049B03441033E527FB08555988456B581FB9F6F8ECA9DD6A3980"
"tmp/generate_seed.js","59733500F729111EF45D79A2C31A2483DCD419FA293275E40937ED832ACB526A"
"types/auth.d.ts","950E99FF778D0A7471AAEB3982DAF2755578EF964342660AC72B69095D74DB14"
"worker.js","82059E455ED02134F04017039FB4A68833BA56D48EC1540A0F52A492DED5CD6A"
"worker.ts","4826C330F1D95ECC9BDC80D04A0F521203207FA7C0EF13D782366EF8BE2D419A"
